Time [s],Channel 0,Channel 1,Channel 2,Channel 3,Channel 4,Channel 5,Channel 6,Channel 7,SRQ,NDAC,ATN,NRFD,DAV,EOI
0.000000000,1,0,0,0,0,0,0,0,0,1,0,1,0,0
1.396434125,1,1,1,1,1,1,1,1,1,1,1,1,1,1
1.396434187,1,0,0,0,0,0,0,0,0,1,0,1,0,0
1.396434250,1,1,0,0,0,0,1,1,1,1,1,1,1,1
1.396434313,1,0,0,0,0,0,0,0,0,1,0,1,0,0
1.397651563,1,1,1,1,1,0,1,0,1,1,0,1,0,0
1.397651625,1,0,0,0,0,0,0,0,0,1,0,1,0,0
1.399067188,1,1,1,1,1,1,1,1,1,1,1,1,1,1
1.399067250,1,0,0,0,0,0,0,0,0,1,0,1,0,0
1.400320500,1,1,1,1,1,1,1,1,1,1,1,1,1,1
1.400320562,1,0,0,0,0,0,0,0,0,1,0,1,0,0
1.492998438,1,1,1,1,1,1,1,1,1,1,1,1,1,1
1.492998562,1,0,0,0,0,0,1,0,0,1,0,1,0,0
1.492998625,1,0,0,0,0,0,0,0,0,1,0,1,0,0
1.708198375,1,1,0,0,0,0,0,0,0,1,0,1,0,0
1.708202375,1,1,1,0,0,0,0,0,0,1,0,1,0,0
1.708204750,1,1,1,1,0,0,0,0,0,1,0,1,0,0
1.708209250,1,1,1,1,1,0,0,0,0,1,0,1,0,0
1.708213063,1,1,1,1,1,1,0,0,0,1,0,1,0,0
1.708217687,1,1,1,1,1,1,1,0,0,1,0,1,0,0
1.708221250,1,1,1,1,1,1,1,1,0,1,0,1,0,0
1.708226063,1,1,1,1,1,1,1,1,0,1,0,1,0,1
1.708226125,1,1,1,1,1,1,1,1,0,1,0,1,0,0
1.708226187,1,1,1,1,1,1,1,1,0,1,0,1,0,1
1.708229750,1,1,1,1,1,1,1,1,0,1,1,1,0,1
1.708233312,1,1,1,1,1,1,1,1,0,1,1,1,1,1
1.708248000,1,1,1,1,1,1,1,1,1,1,1,1,1,1
3.563206688,1,1,1,1,0,0,0,0,1,1,1,1,1,1
3.563206750,1,1,1,1,1,1,1,1,1,1,1,1,1,1
3.563206937,0,0,0,0,0,0,0,0,1,1,1,1,1,1
3.563207000,1,1,1,1,1,1,1,1,1,1,1,1,1,1
3.563221625,1,1,1,1,1,1,1,0,1,1,1,1,1,1
3.563221813,1,1,1,1,1,1,1,1,1,1,1,1,1,1
3.563222125,1,1,1,1,0,0,0,0,1,1,1,1,1,1
3.563222188,0,0,0,0,0,0,0,0,1,1,1,1,1,1
3.563222250,1,1,1,1,1,0,1,0,1,1,1,1,1,1
3.563222313,1,1,1,1,1,1,1,1,1,1,1,1,1,1
3.563222437,1,1,1,1,1,1,1,0,1,1,1,1,1,1
3.563222500,1,1,1,1,1,0,0,0,1,1,1,1,1,1
3.563222563,1,1,1,1,0,0,0,0,1,1,1,1,1,1
3.563222625,1,1,1,1,1,1,1,1,1,1,1,1,1,1
3.563222750,1,1,1,1,1,1,1,0,1,1,1,1,1,1
3.563222812,1,1,1,1,1,0,0,0,1,1,1,1,1,1
3.563222875,1,1,1,1,0,0,0,0,1,1,1,1,1,1
3.563222937,1,1,1,1,1,0,1,0,1,1,1,1,1,1
3.563223000,1,1,1,1,1,1,1,1,1,1,1,1,1,1
3.563223125,1,1,1,1,1,1,1,0,1,1,1,1,1,1
3.563223188,1,1,1,1,1,0,0,0,1,1,1,1,1,1
3.563223250,1,1,1,1,1,0,1,0,1,1,1,1,1,1
3.563223312,1,1,1,1,1,1,1,0,1,1,1,1,1,1
3.563223375,0,0,0,0,0,0,0,0,1,1,1,1,1,1
3.563223500,1,1,1,1,1,1,1,1,1,1,1,1,1,1
3.563223687,0,0,0,0,0,0,0,0,0,0,1,0,0,1
3.563223750,0,0,0,0,0,0,0,0,1,1,1,1,1,1
3.563223812,1,1,1,1,1,0,1,0,1,1,1,1,1,1
3.563223875,1,1,1,1,1,1,1,1,1,1,1,1,1,1
3.563224000,0,0,0,0,0,0,0,0,1,1,1,1,1,1
3.563224125,0,1,1,1,0,0,0,0,1,1,1,1,1,1
3.563224187,1,1,1,1,1,1,1,1,1,1,1,1,1,1
3.563224313,1,1,1,1,1,0,0,0,1,1,1,1,1,1
3.563224375,0,0,0,0,0,0,0,0,1,1,1,1,1,1
3.563224500,1,1,1,1,0,0,0,0,1,1,1,1,1,1
3.563224562,1,1,1,1,1,1,1,0,1,1,1,1,1,1
3.563224625,1,1,1,1,0,0,0,0,1,1,1,1,1,1
3.563224687,0,0,0,0,0,0,0,0,1,1,1,1,1,1
3.563224750,0,1,1,0,0,0,0,0,1,1,1,1,1,1
3.563224813,1,1,1,1,0,0,0,0,1,1,1,1,1,1
3.563224875,1,1,1,1,1,1,1,0,1,1,1,1,1,1
3.563224937,1,1,1,1,1,0,0,0,1,1,1,1,1,1
3.563225062,0,1,1,1,0,0,0,0,1,1,1,1,1,1
3.563225125,1,1,1,1,1,0,0,0,1,1,1,1,1,1
3.563225188,1,1,1,1,0,0,0,0,1,1,1,1,1,1
3.563225250,1,1,1,1,1,0,0,0,1,1,1,1,1,1
3.563225313,1,1,1,1,0,0,0,0,1,1,1,1,1,1
3.563225437,0,1,1,1,0,0,0,0,1,1,1,1,1,1
3.563225562,1,1,1,1,0,0,0,0,1,1,1,1,1,1
3.563226188,0,1,1,1,0,0,0,0,1,1,1,1,1,1
3.563226625,1,1,1,1,0,0,0,0,1,1,1,1,1,1
3.563226812,0,1,1,1,0,0,0,0,1,1,1,1,1,1
3.563227750,0,1,1,0,0,0,0,0,1,1,1,1,1,1
3.563227813,0,1,1,1,0,0,0,0,1,1,1,1,1,1
3.563227938,0,1,1,0,0,0,0,0,1,1,1,1,1,1
3.563228188,0,1,1,1,0,0,0,0,1,1,1,1,1,1
3.563228313,0,1,1,0,0,0,0,0,1,1,1,1,1,1
3.563229375,0,1,0,0,0,0,0,0,1,1,1,1,1,1
3.563229500,0,0,0,0,0,0,0,0,1,1,1,1,1,1
3.563229625,0,1,0,0,0,0,0,0,1,1,1,1,1,1
3.563230063,0,0,0,0,0,0,0,0,1,1,1,1,1,1
3.563230125,0,1,0,0,0,0,0,0,1,1,1,1,1,1
3.563230187,0,0,0,0,0,0,0,0,1,1,1,1,1,1
3.563230250,0,1,0,0,0,0,0,0,1,1,1,1,1,1
3.563230312,0,0,0,0,0,0,0,0,1,1,1,1,1,1
3.563239000,0,1,1,1,0,0,0,0,1,1,1,1,1,1
3.563239063,0,1,1,0,0,0,0,0,1,1,1,1,1,1
3.563239125,0,0,0,0,0,0,0,0,1,1,1,1,1,1
3.563240062,0,0,0,0,0,0,0,0,0,0,0,0,0,0
3.563240125,1,1,1,1,1,0,0,0,1,1,1,1,1,1
3.563240250,1,1,1,1,1,0,1,0,1,1,1,1,1,1
3.563240313,0,0,0,0,0,0,0,0,0,0,1,0,0,0
3.563240375,0,0,0,0,0,0,0,0,1,1,1,1,1,1
3.563240500,0,1,1,1,0,0,0,0,1,1,1,1,1,1
3.563240562,0,0,0,0,0,0,0,0,1,1,1,1,1,1
3.563240937,0,1,1,0,0,0,0,0,1,1,1,1,1,1
3.563241000,0,0,0,0,0,0,0,0,1,1,1,1,1,1
3.563255500,0,0,0,0,0,0,0,0,0,0,0,0,0,0
3.563255563,0,0,0,0,0,0,0,0,1,1,1,1,1,1
3.563255875,0,0,0,0,0,0,0,0,1,0,1,1,1,1
3.563255938,0,0,0,0,0,0,0,0,1,1,1,1,1,1
3.563256750,0,0,0,0,0,0,0,0,0,0,0,0,0,0
3.563256813,1,1,1,1,1,1,1,1,1,1,1,1,1,1
3.563256875,0,0,0,0,0,0,0,0,1,1,1,1,1,1
3.563257000,0,0,0,0,0,0,0,0,0,0,0,0,0,0
3.563257062,0,0,0,0,0,0,0,0,1,1,1,1,1,1
3.563257125,0,0,0,0,0,0,0,0,0,0,0,0,0,0
3.563257188,0,0,0,0,0,0,0,0,1,1,1,1,1,1
3.563257375,0,0,0,0,0,0,0,0,1,0,1,0,1,1
3.563257437,0,0,0,0,0,0,0,0,0,0,0,0,0,0
3.563257500,0,0,0,0,0,0,0,0,1,1,1,1,1,1
3.563257688,0,0,0,0,0,0,0,0,0,0,0,0,0,0
3.563257750,0,0,0,0,0,0,0,0,1,1,1,1,1,1
3.563257812,0,0,0,0,0,0,0,0,0,0,0,0,0,0
3.563257875,0,0,0,0,0,0,0,0,1,1,1,1,1,1
3.563258063,0,0,0,0,0,0,0,0,0,0,0,0,0,0
3.563258125,0,0,0,0,0,0,0,0,1,1,1,1,1,1
3.563258750,0,0,0,0,0,0,0,0,1,0,1,0,1,1
3.563258812,0,0,0,0,0,0,0,0,1,0,1,1,1,1
3.563258938,0,0,0,0,0,0,0,0,1,1,1,1,1,1
3.563259438,0,0,0,0,0,0,0,0,1,0,1,1,1,1
3.563259500,0,0,0,0,0,0,0,0,1,0,1,0,1,1
3.563259875,0,0,0,0,0,0,0,0,1,0,1,1,1,1
3.563260188,0,0,0,0,0,0,0,0,1,0,1,0,1,1
3.563260250,0,0,0,0,0,0,0,0,0,0,1,0,0,0
3.563261188,0,0,0,0,0,0,0,0,0,0,0,0,0,0
3.563261375,0,0,0,0,0,0,0,0,0,0,1,0,0,0
3.563261563,0,0,0,0,0,0,0,0,0,0,0,0,0,0
3.563273500,0,0,0,0,0,0,0,0,1,1,1,1,1,0
3.563273563,0,0,0,0,0,0,0,0,0,0,0,0,0,0
3.569201062,0,0,0,0,0,0,0,0,1,0,0,0,0,0
3.569201125,0,0,0,0,0,0,0,0,0,0,0,0,0,0
3.569216375,0,0,0,0,0,0,0,0,1,0,0,0,0,0
3.569216438,0,0,0,0,0,0,0,0,0,0,0,0,0,0
3.569231938,0,0,0,0,0,0,0,0,1,0,0,0,0,0
3.569232000,0,0,0,0,0,0,0,0,0,0,0,0,0,0
3.569247125,0,0,0,0,0,0,0,0,1,0,0,0,0,0
3.569247187,0,0,0,0,0,0,0,0,0,0,0,0,0,0
3.569295687,0,0,0,0,0,0,0,0,1,1,0,0,0,0
3.569295750,0,0,0,0,0,0,0,0,0,0,0,0,0,0
3.569308375,0,0,0,0,0,0,0,0,1,0,0,0,0,0
3.569308438,0,0,0,0,0,0,0,0,0,0,0,0,0,0
3.569316000,0,0,0,0,0,0,0,0,1,1,0,0,0,0
3.569316062,0,0,0,0,0,0,0,0,0,0,0,0,0,0
3.569323687,0,0,0,0,0,0,0,0,1,0,0,0,0,0
3.569323750,0,0,0,0,0,0,0,0,0,0,0,0,0,0
3.569339125,0,0,0,0,0,0,0,0,1,0,0,0,0,0
3.569339187,0,0,0,0,0,0,0,0,0,0,0,0,0,0
3.569354000,0,0,0,0,0,0,0,0,1,0,0,0,0,0
3.569354062,0,0,0,0,0,0,0,0,0,0,0,0,0,0
3.569354125,0,0,0,0,0,0,0,0,1,1,0,0,0,0
3.569354188,0,0,0,0,0,0,0,0,0,0,0,0,0,0
3.569354563,0,0,0,0,0,0,0,0,1,0,0,0,0,0
3.569354625,0,0,0,0,0,0,0,0,0,0,0,0,0,0
3.569356625,0,0,0,0,0,0,0,0,1,1,0,0,0,0
3.569356688,0,0,0,0,0,0,0,0,0,0,0,0,0,0
3.569366813,0,0,0,0,0,0,0,0,1,1,0,0,0,0
3.569366875,0,0,0,0,0,0,0,0,0,0,0,0,0,0
3.569369375,0,0,0,0,0,0,0,0,1,0,0,0,0,0
3.569369437,0,0,0,0,0,0,0,0,0,0,0,0,0,0
3.569369500,0,0,0,0,0,0,0,0,1,1,0,0,0,0
3.569369562,0,0,0,0,0,0,0,0,0,0,0,0,0,0
3.569369625,0,0,0,0,0,0,0,0,1,1,0,0,0,0
3.569369688,0,0,0,0,0,0,0,0,0,0,0,0,0,0
3.569369750,0,0,0,0,0,0,0,0,1,0,0,0,0,0
3.569369813,0,0,0,0,0,0,0,0,0,0,0,0,0,0
3.569369937,0,0,0,0,0,0,0,0,1,1,0,0,0,0
3.569370000,0,0,0,0,0,0,0,0,0,0,0,0,0,0
3.569370062,0,0,0,0,0,0,0,0,1,0,0,0,0,0
3.569370125,0,0,0,0,0,0,0,0,0,0,0,0,0,0
3.569370563,0,0,0,0,0,0,0,0,1,1,0,0,0,0
3.569370625,0,0,0,0,0,0,0,0,0,0,0,0,0,0
3.569371625,0,0,0,0,0,0,0,0,1,0,0,0,0,0
3.569371687,0,0,0,0,0,0,0,0,0,0,0,0,0,0
3.569377000,0,0,0,0,0,0,0,0,1,0,0,0,0,0
3.569377063,0,0,0,0,0,0,0,0,0,0,0,0,0,0
3.569380812,0,0,0,0,0,0,0,0,1,0,0,0,0,0
3.569380875,0,0,0,0,0,0,0,0,0,0,0,0,0,0
3.569383563,0,0,0,0,0,0,0,0,1,0,0,0,0,0
3.569383625,0,0,0,0,0,0,0,0,0,0,0,0,0,0
3.569383687,0,0,0,0,0,0,0,0,1,0,0,0,0,0
3.569383875,0,0,0,0,0,0,0,0,0,0,0,0,0,0
3.569383938,0,0,0,0,0,0,0,0,1,0,0,0,0,0
3.569384063,0,0,0,0,0,0,0,0,0,0,0,0,0,0
3.569384813,0,0,0,0,0,0,0,0,1,0,0,0,0,0
3.569384875,0,0,0,0,0,0,0,0,0,0,0,0,0,0
3.569384938,0,0,0,0,0,0,0,0,1,0,0,0,0,0
3.569385000,0,0,0,0,0,0,0,0,0,0,0,0,0,0
3.569385062,0,0,0,0,0,0,0,0,1,0,0,0,0,0
3.569385125,0,0,0,0,0,0,0,0,0,0,0,0,0,0
3.569385188,0,0,0,0,0,0,0,0,1,0,0,0,0,0
3.569385250,0,0,0,0,0,0,0,0,0,0,0,0,0,0
3.569385375,0,0,0,0,0,0,0,0,1,0,0,0,0,0
3.569385437,0,0,0,0,0,0,0,0,0,0,0,0,0,0
3.569385500,0,0,0,0,0,0,0,0,1,0,0,0,0,0
3.569385562,0,0,0,0,0,0,0,0,0,0,0,0,0,0
3.569385688,0,0,0,0,0,0,0,0,1,0,0,0,0,0
3.569385750,0,0,0,0,0,0,0,0,0,0,0,0,0,0
3.569386125,0,0,0,0,0,0,0,0,1,0,0,0,0,0
3.569386188,0,0,0,0,0,0,0,0,0,0,0,0,0,0
3.569386250,0,0,0,0,0,0,0,0,1,0,0,0,0,0
3.569386312,0,0,0,0,0,0,0,0,0,0,0,0,0,0
3.569391937,0,0,0,0,0,0,0,0,1,0,0,0,0,0
3.569392062,0,0,0,0,0,0,0,0,0,0,0,0,0,0
3.569400187,0,0,0,0,0,0,0,0,1,1,0,0,0,0
3.569400250,0,0,0,0,0,0,0,0,0,0,0,0,0,0
3.569400313,0,0,0,0,0,0,0,0,1,1,0,0,0,0
3.569400375,0,0,0,0,0,0,0,0,0,0,0,0,0,0
3.569400438,0,0,0,0,0,0,0,0,1,1,0,0,0,0
3.569400500,0,0,0,0,0,0,0,0,0,0,0,0,0,0
3.569400625,0,0,0,0,0,0,0,0,1,1,0,0,0,0
3.569400687,0,0,0,0,0,0,0,0,0,0,0,0,0,0
3.569400750,0,0,0,0,0,0,0,0,1,1,0,0,0,0
3.569400813,0,0,0,0,0,0,0,0,0,0,0,0,0,0
3.569401375,0,0,0,0,0,0,0,0,1,0,0,0,0,0
3.569401437,0,0,0,0,0,0,0,0,0,0,0,0,0,0
3.569401563,0,0,0,0,0,0,0,0,1,0,0,0,0,0
3.569401625,0,0,0,0,0,0,0,0,0,0,0,0,0,0
3.569406250,0,0,0,0,0,0,0,0,1,0,0,0,0,0
3.569406312,0,0,0,0,0,0,0,0,0,0,0,0,0,0
3.569406875,0,0,0,0,0,0,0,0,1,0,0,0,0,0
3.569406938,0,0,0,0,0,0,0,0,0,0,0,0,0,0
3.569407500,0,0,0,0,0,0,0,0,1,1,0,0,0,0
3.569407562,0,0,0,0,0,0,0,0,0,0,0,0,0,0
3.569407688,0,0,0,0,0,0,0,0,1,0,0,0,0,0
3.569407750,0,0,0,0,0,0,0,0,0,0,0,0,0,0
3.569409813,0,0,0,0,0,0,0,0,1,1,0,0,0,0
3.569409875,0,0,0,0,0,0,0,0,0,0,0,0,0,0
3.569410062,0,0,0,0,0,0,0,0,1,0,0,0,0,0
3.569410187,0,0,0,0,0,0,0,0,0,0,0,0,0,0
3.569410750,0,0,0,0,0,0,0,0,1,0,0,0,0,0
3.569410813,0,0,0,0,0,0,0,0,0,0,0,0,0,0
3.569411062,0,0,0,0,0,0,0,0,1,0,0,0,0,0
3.569411125,0,0,0,0,0,0,0,0,0,0,0,0,0,0
3.569412312,0,0,0,0,0,0,0,0,1,0,0,0,0,0
3.569412375,0,0,0,0,0,0,0,0,0,0,0,0,0,0
3.569412563,0,0,0,0,0,0,0,0,1,0,0,0,0,0
3.569412625,0,0,0,0,0,0,0,0,0,0,0,0,0,0
3.569412687,0,0,0,0,0,0,0,0,1,1,0,0,0,0
3.569412750,0,0,0,0,0,0,0,0,0,0,0,0,0,0
3.569413125,0,0,0,0,0,0,0,0,1,0,0,0,0,0
3.569413187,0,0,0,0,0,0,0,0,0,0,0,0,0,0
3.569413500,0,0,0,0,0,0,0,0,1,0,0,0,0,0
3.569413562,0,0,0,0,0,0,0,0,0,0,0,0,0,0
3.569414250,0,0,0,0,0,0,0,0,1,0,0,0,0,0
3.569414313,0,0,0,0,0,0,0,0,0,0,0,0,0,0
3.569414375,0,0,0,0,0,0,0,0,1,1,0,0,0,0
3.569414437,0,0,0,0,0,0,0,0,0,0,0,0,0,0
3.569414500,0,0,0,0,0,0,0,0,1,0,0,0,0,0
3.569414562,0,0,0,0,0,0,0,0,0,0,0,0,0,0
3.569414937,0,0,0,0,0,0,0,0,1,0,0,0,0,0
3.569415000,0,0,0,0,0,0,0,0,0,0,0,0,0,0
3.569415125,0,0,0,0,0,0,0,0,1,0,0,0,0,0
3.569415188,0,0,0,0,0,0,0,0,0,0,0,0,0,0
3.569415625,0,0,0,0,0,0,0,0,1,1,0,0,0,0
3.569415687,0,0,0,0,0,0,0,0,0,0,0,0,0,0
3.569415750,0,0,0,0,0,0,0,0,1,1,0,0,0,0
3.569415812,0,0,0,0,0,0,0,0,0,0,0,0,0,0
3.569415875,0,0,0,0,0,0,0,0,1,1,0,0,0,0
3.569415938,0,0,0,0,0,0,0,0,0,0,0,0,0,0
3.569416000,0,0,0,0,0,0,0,0,1,1,0,0,0,0
3.569416063,0,0,0,0,0,0,0,0,1,0,0,0,0,0
3.569416125,0,0,0,0,0,0,0,0,0,0,0,0,0,0
3.569416187,0,0,0,0,0,0,0,0,1,1,0,0,0,0
3.569416250,0,0,0,0,0,0,0,0,0,0,0,0,0,0
3.569416313,0,0,0,0,0,0,0,0,1,1,0,0,0,0
3.569416375,0,0,0,0,0,0,0,0,1,0,0,0,0,0
3.569416438,0,0,0,0,0,0,0,0,0,0,0,0,0,0
3.569416500,0,0,0,0,0,0,0,0,1,0,0,0,0,0
3.569416562,0,0,0,0,0,0,0,0,0,0,0,0,0,0
3.569416625,0,0,0,0,0,0,0,0,1,1,0,0,0,0
3.569416687,0,0,0,0,0,0,0,0,0,0,0,0,0,0
3.569416813,0,0,0,0,0,0,0,0,1,0,0,0,0,0
3.569416875,0,0,0,0,0,0,0,0,0,0,0,0,0,0
3.569416938,0,0,0,0,0,0,0,0,1,0,0,0,0,0
3.569417000,0,0,0,0,0,0,0,0,0,0,0,0,0,0
3.569417125,0,0,0,0,0,0,0,0,1,0,0,0,0,0
3.569417188,0,0,0,0,0,0,0,0,0,0,0,0,0,0
3.569417250,0,0,0,0,0,0,0,0,1,0,0,0,0,0
3.569417313,0,0,0,0,0,0,0,0,0,0,0,0,0,0
3.569417625,0,0,0,0,0,0,0,0,1,1,0,0,0,0
3.569417688,0,0,0,0,0,0,0,0,0,0,0,0,0,0
3.569417875,0,0,0,0,0,0,0,0,1,0,0,0,0,0
3.569417937,0,0,0,0,0,0,0,0,0,0,0,0,0,0
3.569418125,0,0,0,0,0,0,0,0,1,0,0,0,0,0
3.569418250,0,0,0,0,0,0,0,0,0,0,0,0,0,0
3.569418437,0,0,0,0,0,0,0,0,1,0,0,0,0,0
3.569418563,0,0,0,0,0,0,0,0,0,0,0,0,0,0
3.569418750,0,0,0,0,0,0,0,0,1,0,0,0,0,0
3.569418875,0,0,0,0,0,0,0,0,0,0,0,0,0,0
3.569418938,0,0,0,0,0,0,0,0,1,0,0,0,0,0
3.569419063,0,0,0,0,0,0,0,0,0,0,0,0,0,0
3.569419375,0,0,0,0,0,0,0,0,1,0,0,0,0,0
3.569419750,0,0,0,0,0,0,0,0,1,1,0,0,0,0
3.569419813,0,0,0,0,0,0,0,0,0,0,0,0,0,0
3.569420062,0,0,0,0,0,0,0,0,1,0,0,0,0,0
3.569420375,0,0,0,0,0,0,0,0,0,0,0,0,0,0
3.569420625,0,0,0,0,0,0,0,0,1,0,0,0,0,0
3.569421063,0,0,0,0,0,0,0,0,0,0,0,0,0,0
3.569421188,0,0,0,0,0,0,0,0,1,1,0,0,0,0
3.569421250,0,0,0,0,0,0,0,0,0,0,0,0,0,0
3.569421375,0,0,0,0,0,0,0,0,1,0,0,0,0,0
3.569421437,0,0,0,0,0,0,0,0,0,0,0,0,0,0
3.569421500,0,0,0,0,0,0,0,0,1,1,0,0,0,0
3.569421563,0,0,0,0,0,0,0,0,1,0,0,0,0,0
3.569421750,0,0,0,0,0,0,0,0,0,0,0,0,0,0
3.569422125,0,0,0,0,0,0,0,0,1,0,0,0,0,0
3.569422250,0,0,0,0,0,0,0,0,1,1,0,0,0,0
3.569422312,0,0,0,0,0,0,0,0,1,0,0,0,0,0
3.569422438,0,0,0,0,0,0,0,0,0,0,0,0,0,0
3.569422813,0,0,0,0,0,0,0,0,1,0,0,0,0,0
3.569423187,0,0,0,0,0,0,0,0,0,0,0,0,0,0
3.569423437,0,0,0,0,0,0,0,0,1,0,0,0,0,0
3.569423937,0,0,0,0,0,0,0,0,1,1,0,0,0,0
3.569424000,0,0,0,0,0,0,0,0,0,0,0,0,0,0
3.569424125,0,0,0,0,0,0,0,0,1,0,0,0,0,0
3.569424188,0,0,0,0,0,0,0,0,0,0,0,0,0,0
3.569424250,0,0,0,0,0,0,0,0,1,0,0,0,0,0
3.569424312,0,0,0,0,0,0,0,0,0,0,0,0,0,0
3.569424375,0,0,0,0,0,0,0,0,1,0,0,0,0,0
3.569424437,0,0,0,0,0,0,0,0,0,0,0,0,0,0
3.569424500,0,0,0,0,0,0,0,0,1,0,0,0,0,0
3.569424563,0,0,0,0,0,0,0,0,0,0,0,0,0,0
3.569424750,0,0,0,0,0,0,0,0,1,0,0,0,0,0
3.569424812,0,0,0,0,0,0,0,0,0,0,0,0,0,0
3.569424875,0,0,0,0,0,0,0,0,1,0,0,0,0,0
3.569425125,0,0,0,0,0,0,0,0,0,0,0,0,0,0
3.569425438,0,0,0,0,0,0,0,0,1,0,0,0,0,0
3.569425938,0,0,0,0,0,0,0,0,1,1,0,0,0,0
3.569426000,0,0,0,0,0,0,0,0,1,0,0,0,0,0
3.569426313,0,0,0,0,0,0,0,0,0,0,0,0,0,0
3.569426750,0,0,0,0,0,0,0,0,1,0,0,0,0,0
3.569427062,0,0,0,0,0,0,0,0,0,0,0,0,0,0
3.569427500,0,0,0,0,0,0,0,0,1,0,0,0,0,0
3.569427625,0,0,0,0,0,0,0,0,1,1,0,0,0,0
3.569427688,0,0,0,0,0,0,0,0,0,0,0,0,0,0
3.569427750,0,0,0,0,0,0,0,0,1,1,0,0,0,0
3.569427875,0,0,0,0,0,0,0,0,0,0,0,0,0,0
3.569428250,0,0,0,0,0,0,0,0,1,0,0,0,0,0
3.569428375,0,0,0,0,0,0,0,0,0,0,0,0,0,0
3.569428438,0,0,0,0,0,0,0,0,1,0,0,0,0,0
3.569428500,0,0,0,0,0,0,0,0,0,0,0,0,0,0
3.569428563,0,0,0,0,0,0,0,0,1,0,0,0,0,0
3.569428625,0,0,0,0,0,0,0,0,0,0,0,0,0,0
3.569429313,0,0,0,0,0,0,0,0,1,0,0,0,0,0
3.569429375,0,0,0,0,0,0,0,0,0,0,0,0,0,0
3.569429625,0,0,0,0,0,0,0,0,1,0,0,0,0,0
3.569429688,0,0,0,0,0,0,0,0,0,0,0,0,0,0
3.569429937,0,0,0,0,0,0,0,0,1,0,0,0,0,0
3.569430000,0,0,0,0,0,0,0,0,0,0,0,0,0,0
3.569430062,0,0,0,0,0,0,0,0,1,0,0,0,0,0
3.569430125,0,0,0,0,0,0,0,0,0,0,0,0,0,0
3.569430375,0,0,0,0,0,0,0,0,1,0,0,0,0,0
3.569430437,0,0,0,0,0,0,0,0,0,0,0,0,0,0
3.569431000,0,0,0,0,0,0,0,0,1,0,0,0,0,0
3.569431063,0,0,0,0,0,0,0,0,0,0,0,0,0,0
3.569431312,0,0,0,0,0,0,0,0,1,1,0,0,0,0
3.569431375,0,0,0,0,0,0,0,0,0,0,0,0,0,0
3.569431438,0,0,0,0,0,0,0,0,1,1,0,0,0,0
3.569431500,0,0,0,0,0,0,0,0,0,0,0,0,0,0
3.569431625,0,0,0,0,0,0,0,0,1,1,0,0,0,0
3.569431687,0,0,0,0,0,0,0,0,0,0,0,0,0,0
3.569431750,0,0,0,0,0,0,0,0,1,0,0,0,0,0
3.569431812,0,0,0,0,0,0,0,0,0,0,0,0,0,0
3.569431938,0,0,0,0,0,0,0,0,1,0,0,0,0,0
3.569432000,0,0,0,0,0,0,0,0,0,0,0,0,0,0
3.569432062,0,0,0,0,0,0,0,0,1,1,0,0,0,0
3.569432125,0,0,0,0,0,0,0,0,0,0,0,0,0,0
3.569432187,0,0,0,0,0,0,0,0,1,0,0,0,0,0
3.569432250,0,0,0,0,0,0,0,0,0,0,0,0,0,0
3.569432375,0,0,0,0,0,0,0,0,1,0,0,0,0,0
3.569432438,0,0,0,0,0,0,0,0,0,0,0,0,0,0
3.569432687,0,0,0,0,0,0,0,0,1,0,0,0,0,0
3.569432750,0,0,0,0,0,0,0,0,0,0,0,0,0,0
3.569434063,0,0,0,0,0,0,0,0,1,0,0,0,0,0
3.569434125,0,0,0,0,0,0,0,0,1,1,0,0,0,0
3.569434188,0,0,0,0,0,0,0,0,1,0,0,0,0,0
3.569434250,0,0,0,0,0,0,0,0,1,1,0,0,0,0
3.569434312,0,0,0,0,0,0,0,0,0,0,0,0,0,0
3.569434812,0,0,0,0,0,0,0,0,1,0,0,0,0,0
3.569434938,0,0,0,0,0,0,0,0,0,0,0,0,0,0
3.569435000,0,0,0,0,0,0,0,0,1,0,0,0,0,0
3.569435125,0,0,0,0,0,0,0,0,0,0,0,0,0,0
3.569435875,0,0,0,0,0,0,0,0,1,0,0,0,0,0
3.569436000,0,0,0,0,0,0,0,0,0,0,0,0,0,0
3.569436500,0,0,0,0,0,0,0,0,1,0,0,0,0,0
3.569436562,0,0,0,0,0,0,0,0,0,0,0,0,0,0
3.569436625,0,0,0,0,0,0,0,0,1,0,0,0,0,0
3.569436688,0,0,0,0,0,0,0,0,0,0,0,0,0,0
3.569437375,0,0,0,0,0,0,0,0,1,0,0,0,0,0
3.569437500,0,0,0,0,0,0,0,0,0,0,0,0,0,0
3.569437812,0,0,0,0,0,0,0,0,1,0,0,0,0,0
3.569437875,0,0,0,0,0,0,0,0,0,0,0,0,0,0
3.569438063,0,0,0,0,0,0,0,0,1,0,0,0,0,0
3.569438125,0,0,0,0,0,0,0,0,0,0,0,0,0,0
3.569438312,0,0,0,0,0,0,0,0,1,0,0,0,0,0
3.569438375,0,0,0,0,0,0,0,0,0,0,0,0,0,0
3.569438750,0,0,0,0,0,0,0,0,1,0,0,0,0,0
3.569438813,0,0,0,0,0,0,0,0,0,0,0,0,0,0
3.569438875,0,0,0,0,0,0,0,0,1,0,0,0,0,0
3.569438938,0,0,0,0,0,0,0,0,0,0,0,0,0,0
3.569439562,0,0,0,0,0,0,0,0,1,0,0,0,0,0
3.569439625,0,0,0,0,0,0,0,0,0,0,0,0,0,0
3.569439688,0,0,0,0,0,0,0,0,1,0,0,0,0,0
3.569439750,0,0,0,0,0,0,0,0,0,0,0,0,0,0
3.569440125,0,0,0,0,0,0,0,0,1,0,0,0,0,0
3.569440250,0,0,0,0,0,0,0,0,0,0,0,0,0,0
3.569440750,0,0,0,0,0,0,0,0,1,0,0,0,0,0
3.569440938,0,0,0,0,0,0,0,0,0,0,0,0,0,0
3.569441563,0,0,0,0,0,0,0,0,1,0,0,0,0,0
3.569441625,0,0,0,0,0,0,0,0,1,1,0,0,0,0
3.569441687,0,0,0,0,0,0,0,0,0,0,0,0,0,0
3.569442187,0,0,0,0,0,0,0,0,1,0,0,0,0,0
3.569442313,0,0,0,0,0,0,0,0,1,1,0,0,0,0
3.569442375,0,0,0,0,0,0,0,0,1,0,0,0,0,0
3.569442437,0,0,0,0,0,0,0,0,0,0,0,0,0,0
3.569442813,0,0,0,0,0,0,0,0,1,0,0,0,0,0
3.569442875,0,0,0,0,0,0,0,0,0,0,0,0,0,0
3.569442937,0,0,0,0,0,0,0,0,1,1,0,0,0,0
3.569443000,0,0,0,0,0,0,0,0,1,0,0,0,0,0
3.569443188,0,0,0,0,0,0,0,0,0,0,0,0,0,0
3.569443625,0,0,0,0,0,0,0,0,1,0,0,0,0,0
3.569443688,0,0,0,0,0,0,0,0,0,0,0,0,0,0
3.569443875,0,0,0,0,0,0,0,0,1,0,0,0,0,0
3.569443937,0,0,0,0,0,0,0,0,0,0,0,0,0,0
3.569444563,0,0,0,0,0,0,0,0,1,0,0,0,0,0
3.569444625,0,0,0,0,0,0,0,0,0,0,0,0,0,0
3.569444750,0,0,0,0,0,0,0,0,1,0,0,0,0,0
3.569444813,0,0,0,0,0,0,0,0,0,0,0,0,0,0
3.569445062,0,0,0,0,0,0,0,0,1,0,0,0,0,0
3.569445125,0,0,0,0,0,0,0,0,0,0,0,0,0,0
3.569445187,0,0,0,0,0,0,0,0,1,0,0,0,0,0
3.569445250,0,0,0,0,0,0,0,0,0,0,0,0,0,0
3.569445313,0,0,0,0,0,0,0,0,1,0,0,0,0,0
3.569445375,0,0,0,0,0,0,0,0,0,0,0,0,0,0
3.569445500,0,0,0,0,0,0,0,0,1,0,0,0,0,0
3.569445562,0,0,0,0,0,0,0,0,0,0,0,0,0,0
3.569445625,0,0,0,0,0,0,0,0,1,1,0,0,0,0
3.569445688,0,0,0,0,0,0,0,0,0,0,0,0,0,0
3.569445750,0,0,0,0,0,0,0,0,1,0,0,0,0,0
3.569445875,0,0,0,0,0,0,0,0,0,0,0,0,0,0
3.569446188,0,0,0,0,0,0,0,0,1,0,0,0,0,0
3.569446375,0,0,0,0,0,0,0,0,0,0,0,0,0,0
3.569446437,0,0,0,0,0,0,0,0,1,1,0,0,0,0
3.569446500,0,0,0,0,0,0,0,0,0,0,0,0,0,0
3.569446563,0,0,0,0,0,0,0,0,1,1,0,0,0,0
3.569446625,0,0,0,0,0,0,0,0,0,0,0,0,0,0
3.569446688,0,0,0,0,0,0,0,0,1,1,0,0,0,0
3.569446750,0,0,0,0,0,0,0,0,0,0,0,0,0,0
3.569446812,0,0,0,0,0,0,0,0,1,0,0,0,0,0
3.569446875,0,0,0,0,0,0,0,0,1,1,0,0,0,0
3.569446937,0,0,0,0,0,0,0,0,0,0,0,0,0,0
3.569447000,0,0,0,0,0,0,0,0,1,1,0,0,0,0
3.569447063,0,0,0,0,0,0,0,0,0,0,0,0,0,0
3.569447125,0,0,0,0,0,0,0,0,1,1,0,0,0,0
3.569447187,0,0,0,0,0,0,0,0,1,0,0,0,0,0
3.569447250,0,0,0,0,0,0,0,0,0,0,0,0,0,0
3.569447500,0,0,0,0,0,0,0,0,1,0,0,0,0,0
3.569447563,0,0,0,0,0,0,0,0,0,0,0,0,0,0
3.569447625,0,0,0,0,0,0,0,0,1,1,0,0,0,0
3.569447687,0,0,0,0,0,0,0,0,0,0,0,0,0,0
3.569447750,0,0,0,0,0,0,0,0,1,1,0,0,0,0
3.569447875,0,0,0,0,0,0,0,0,0,0,0,0,0,0
3.569448062,0,0,0,0,0,0,0,0,1,0,0,0,0,0
3.569448125,0,0,0,0,0,0,0,0,0,0,0,0,0,0
3.569448250,0,0,0,0,0,0,0,0,1,1,0,0,0,0
3.569448313,0,0,0,0,0,0,0,0,0,0,0,0,0,0
3.569448375,0,0,0,0,0,0,0,0,1,1,0,0,0,0
3.569448500,0,0,0,0,0,0,0,0,1,0,0,0,0,0
3.569448625,0,0,0,0,0,0,0,0,0,0,0,0,0,0
3.569448687,0,0,0,0,0,0,0,0,1,0,0,0,0,0
3.569448750,0,0,0,0,0,0,0,0,0,0,0,0,0,0
3.569448875,0,0,0,0,0,0,0,0,1,0,0,0,0,0
3.569448937,0,0,0,0,0,0,0,0,0,0,0,0,0,0
3.569449000,0,0,0,0,0,0,0,0,1,0,0,0,0,0
3.569449625,0,0,0,0,0,0,0,0,0,0,0,0,0,0
3.569449688,0,0,0,0,0,0,0,0,1,0,0,0,0,0
3.569449750,0,0,0,0,0,0,0,0,0,0,0,0,0,0
3.569449812,0,0,0,0,0,0,0,0,1,0,0,0,0,0
3.569449937,0,0,0,0,0,0,0,0,1,1,0,0,0,0
3.569450000,0,0,0,0,0,0,0,0,1,0,0,0,0,0
3.569450312,0,0,0,0,0,0,0,0,0,0,0,0,0,0
3.569450375,0,0,0,0,0,0,0,0,1,0,0,0,0,0
3.569450438,0,0,0,0,0,0,0,0,1,1,0,0,0,0
3.569450500,0,0,0,0,0,0,0,0,0,0,0,0,0,0
3.569450625,0,0,0,0,0,0,0,0,1,0,0,0,0,0
3.569450687,0,0,0,0,0,0,0,0,1,1,0,0,0,0
3.569450750,0,0,0,0,0,0,0,0,1,0,0,0,0,0
3.569451000,0,0,0,0,0,0,0,0,1,1,0,0,0,0
3.569451063,0,0,0,0,0,0,0,0,1,0,0,0,0,0
3.569451187,0,0,0,0,0,0,0,0,0,0,0,0,0,0
3.569451250,0,0,0,0,0,0,0,0,1,0,0,0,0,0
3.569451375,0,0,0,0,0,0,0,0,0,0,0,0,0,0
3.569451438,0,0,0,0,0,0,0,0,1,0,0,0,0,0
3.569451562,0,0,0,0,0,0,0,0,1,1,0,0,0,0
3.569451625,0,0,0,0,0,0,0,0,1,0,0,0,0,0
3.569451687,0,0,0,0,0,0,0,0,1,1,0,0,0,0
3.569451750,0,0,0,0,0,0,0,0,1,0,0,0,0,0
3.569451813,0,0,0,0,0,0,0,0,0,0,0,0,0,0
3.569451875,0,0,0,0,0,0,0,0,1,1,0,0,0,0
3.569451937,0,0,0,0,0,0,0,0,1,0,0,0,0,0
3.569452062,0,0,0,0,0,0,0,0,0,0,0,0,0,0
3.569452125,0,0,0,0,0,0,0,0,1,0,0,0,0,0
3.569452750,0,0,0,0,0,0,0,0,1,1,0,0,0,0
3.569452812,0,0,0,0,0,0,0,0,0,0,0,0,0,0
3.569452875,0,0,0,0,0,0,0,0,1,0,0,0,0,0
3.569453000,0,0,0,0,0,0,0,0,1,1,0,0,0,0
3.569453063,0,0,0,0,0,0,0,0,1,0,0,0,0,0
3.569453375,0,0,0,0,0,0,0,0,1,1,0,0,0,0
3.569453437,0,0,0,0,0,0,0,0,0,0,0,0,0,0
3.569453500,0,0,0,0,0,0,0,0,1,1,0,0,0,0
3.569453625,0,0,0,0,0,0,0,0,1,0,0,0,0,0
3.569453812,0,0,0,0,0,0,0,0,0,1,0,0,0,0
3.569453875,0,0,0,0,0,0,0,0,1,0,0,0,0,0
3.569453938,0,0,0,0,0,0,0,0,1,1,0,0,0,0
3.569454000,0,0,0,0,0,0,0,0,1,0,0,0,0,0
3.569454125,0,0,0,0,0,0,0,0,1,1,0,0,0,0
3.569454313,0,0,0,0,0,0,0,0,0,0,0,0,0,0
3.569454500,0,0,0,0,0,0,0,0,1,1,0,0,0,0
3.569454625,0,0,0,0,0,0,0,0,1,0,0,0,0,0
3.569454687,0,0,0,0,0,0,0,0,1,1,0,0,0,0
3.569455000,0,0,0,0,0,0,0,0,0,0,0,0,0,0
3.569455062,0,0,0,0,0,0,0,0,1,1,0,0,0,0
3.569455188,0,0,0,0,0,0,0,0,1,0,0,0,0,0
3.569455250,0,0,0,0,0,0,0,0,0,0,0,0,0,0
3.569455437,0,0,0,0,0,0,0,0,1,1,0,0,0,0
3.569455625,0,0,0,0,0,0,0,0,1,0,0,0,0,0
3.569455750,0,0,0,0,0,0,0,0,1,1,0,0,0,0
3.569455875,0,0,0,0,0,0,0,0,1,0,0,0,0,0
3.569456000,0,0,0,0,0,0,0,0,1,1,0,0,0,0
3.569456063,0,0,0,0,0,0,0,0,1,0,0,0,0,0
3.569456125,0,0,0,0,0,0,0,0,1,1,0,0,0,0
3.569456188,0,0,0,0,0,0,0,0,1,0,0,0,0,0
3.569456375,0,0,0,0,0,0,0,0,1,1,0,0,0,0
3.569456875,0,0,0,0,0,0,0,0,1,0,0,0,0,0
3.569456938,0,0,0,0,0,0,0,0,1,1,0,0,0,0
3.569457063,0,0,0,0,0,0,0,0,1,0,0,0,0,0
3.569457125,0,0,0,0,0,0,0,0,1,1,0,0,0,0
3.569457187,0,0,0,0,0,0,0,0,1,0,0,0,0,0
3.569457250,0,0,0,0,0,0,0,0,1,1,0,0,0,0
3.569457438,0,0,0,0,0,0,0,0,1,0,0,0,0,0
3.569457625,0,0,0,0,0,0,0,0,1,1,0,0,0,0
3.569457813,0,0,0,0,0,0,0,0,1,0,0,0,0,0
3.569457875,0,0,0,0,0,0,0,0,1,1,0,0,0,0
3.569458187,0,0,0,0,0,0,0,0,0,0,0,0,0,0
3.569458250,0,0,0,0,0,0,0,0,1,0,0,0,0,0
3.569458313,0,0,0,0,0,0,0,0,1,1,0,0,0,0
3.569458437,0,0,0,0,0,0,0,0,1,0,0,0,0,0
3.569458500,0,0,0,0,0,0,0,0,1,1,0,0,0,0
3.569458937,0,0,0,0,0,0,0,0,1,0,0,0,0,0
3.569459000,0,0,0,0,0,0,0,0,1,1,0,0,0,0
3.569459188,0,0,0,0,0,0,0,0,1,0,0,0,0,0
3.569459312,0,0,0,0,0,0,0,0,1,1,0,0,0,0
3.569459375,0,0,0,0,0,0,0,0,1,0,0,0,0,0
3.569459437,0,0,0,0,0,0,0,0,1,1,0,0,0,0
3.569460063,0,0,0,0,0,0,0,0,1,0,0,0,0,0
3.569460125,0,0,0,0,0,0,0,0,1,1,0,0,0,0
3.569460375,0,0,0,0,0,0,0,0,1,0,0,0,0,0
3.569460500,0,0,0,0,0,0,0,0,1,1,0,0,0,0
3.569460563,0,0,0,0,0,0,0,0,1,0,0,0,0,0
3.569460625,0,0,0,0,0,0,0,0,1,1,0,0,0,0
3.569460938,0,0,0,0,0,0,0,0,1,0,0,0,0,0
3.569461000,0,0,0,0,0,0,0,0,1,1,0,0,0,0
3.569461250,0,0,0,0,0,0,0,0,0,0,0,0,0,0
3.569461313,0,0,0,0,0,0,0,0,1,0,0,0,0,0
3.569461375,0,0,0,0,0,0,0,0,1,1,0,0,0,0
3.569461750,0,0,0,0,0,0,0,0,1,0,0,0,0,0
3.569461875,0,0,0,0,0,0,0,0,1,1,0,0,0,0
3.569461937,0,0,0,0,0,0,0,0,0,0,0,0,0,0
3.569462000,0,0,0,0,0,0,0,0,1,0,0,0,0,0
3.569462062,0,0,0,0,0,0,0,0,0,0,0,0,0,0
3.569462125,0,0,0,0,0,0,0,0,1,1,0,0,0,0
3.569462188,0,0,0,0,0,0,0,0,0,0,0,0,0,0
3.569462250,0,0,0,0,0,0,0,0,1,1,0,0,0,0
3.569462312,0,0,0,0,0,0,0,0,1,0,0,0,0,0
3.569462375,0,0,0,0,0,0,0,0,1,1,0,0,0,0
3.569462500,0,0,0,0,0,0,0,0,0,0,0,0,0,0
3.569462563,0,0,0,0,0,0,0,0,1,1,0,0,0,0
3.569462625,0,0,0,0,0,0,0,0,1,0,0,0,0,0
3.569462688,0,0,0,0,0,0,0,0,0,0,0,0,0,0
3.569462750,0,0,0,0,0,0,0,0,1,1,0,0,0,0
3.569462812,0,0,0,0,0,0,0,0,0,0,0,0,0,0
3.569462875,0,0,0,0,0,0,0,0,1,1,0,0,0,0
3.569462937,0,0,0,0,0,0,0,0,0,0,0,0,0,0
3.569463000,0,0,0,0,0,0,0,0,1,1,0,0,0,0
3.569463187,0,0,0,0,0,0,0,0,1,0,0,0,0,0
3.569463250,0,0,0,0,0,0,0,0,1,1,0,0,0,0
3.569463312,0,0,0,0,0,0,0,0,0,0,0,0,0,0
3.569463375,0,0,0,0,0,0,0,0,1,1,0,0,0,0
3.569463500,0,0,0,0,0,0,0,0,1,0,0,0,0,0
3.569463563,0,0,0,0,0,0,0,0,1,1,0,0,0,0
3.569463625,0,0,0,0,0,0,0,0,1,0,0,0,0,0
3.569463687,0,0,0,0,0,0,0,0,1,1,0,0,0,0
3.569463750,0,0,0,0,0,0,0,0,1,0,0,0,0,0
3.569463812,0,0,0,0,0,0,0,0,1,1,0,0,0,0
3.569464062,0,0,0,0,0,0,0,0,1,0,0,0,0,0
3.569464125,0,0,0,0,0,0,0,0,1,1,0,0,0,0
3.569464187,0,0,0,0,0,0,0,0,1,0,0,0,0,0
3.569464250,0,0,0,0,0,0,0,0,1,1,0,0,0,0
3.569464313,0,0,0,0,0,0,0,0,1,0,0,0,0,0
3.569464375,0,0,0,0,0,0,0,0,1,1,0,0,0,0
3.569464625,0,0,0,0,0,0,0,0,1,0,0,0,0,0
3.569464813,0,0,0,0,0,0,0,0,1,1,0,0,0,0
3.569465188,0,0,0,0,0,0,0,0,1,0,0,0,0,0
3.569465313,0,0,0,0,0,0,0,0,1,1,0,0,0,0
3.569465375,0,0,0,0,0,0,0,0,1,0,0,0,0,0
3.569465437,0,0,0,0,0,0,0,0,1,1,0,0,0,0
3.569465500,0,0,0,0,0,0,0,0,1,0,0,0,0,0
3.569465563,0,0,0,0,0,0,0,0,1,1,0,0,0,0
3.569465625,0,0,0,0,0,0,0,0,1,0,0,0,0,0
3.569465688,0,0,0,0,0,0,0,0,1,1,0,0,0,0
3.569465937,0,0,0,0,0,0,0,0,1,0,0,0,0,0
3.569466125,0,0,0,0,0,0,0,0,1,1,0,0,0,0
3.569466563,0,0,0,0,0,0,0,0,1,0,0,0,0,0
3.569466687,0,0,0,0,0,0,0,0,1,1,0,0,0,0
3.569466750,0,0,0,0,0,0,0,0,1,0,0,0,0,0
3.569466812,0,0,0,0,0,0,0,0,1,1,0,0,0,0
3.569467250,0,0,0,0,0,0,0,0,1,0,0,0,0,0
3.569467313,0,0,0,0,0,0,0,0,0,0,0,0,0,0
3.569467438,0,0,0,0,0,0,0,0,1,0,0,0,0,0
3.569467625,0,0,0,0,0,0,0,0,1,1,0,0,0,0
3.569468188,0,0,0,0,0,0,0,0,1,0,0,0,0,0
3.569468250,0,0,0,0,0,0,0,0,0,0,0,0,0,0
3.569468313,0,0,0,0,0,0,0,0,1,1,0,0,0,0
3.569468437,0,0,0,0,0,0,0,0,0,0,0,0,0,0
3.569468500,0,0,0,0,0,0,0,0,1,0,0,0,0,0
3.569468750,0,0,0,0,0,0,0,0,1,1,0,0,0,0
3.569469063,0,0,0,0,0,0,0,0,1,0,0,0,0,0
3.569469125,0,0,0,0,0,0,0,0,1,1,0,0,0,0
3.569469188,0,0,0,0,0,0,0,0,1,0,0,0,0,0
3.569469375,0,0,0,0,0,0,0,0,1,1,0,0,0,0
3.569469500,0,0,0,0,0,0,0,0,1,0,0,0,0,0
3.569469563,0,0,0,0,0,0,0,0,1,1,0,0,0,0
3.569469625,0,0,0,0,0,0,0,0,0,0,0,0,0,0
3.569469687,0,0,0,0,0,0,0,0,1,1,0,0,0,0
3.569469750,0,0,0,0,0,0,0,0,0,0,0,0,0,0
3.569469812,0,0,0,0,0,0,0,0,1,1,0,0,0,0
3.569469875,0,0,0,0,0,0,0,0,1,0,0,0,0,0
3.569470063,0,0,0,0,0,0,0,0,1,1,0,0,0,0
3.569470313,0,0,0,0,0,0,0,0,0,0,0,0,0,0
3.569470375,0,0,0,0,0,0,0,0,1,1,0,0,0,0
3.569470438,0,0,0,0,0,0,0,0,1,0,0,0,0,0
3.569470562,0,0,0,0,0,0,0,0,0,0,0,0,0,0
3.569470625,0,0,0,0,0,0,0,0,1,1,0,0,0,0
3.569470875,0,0,0,0,0,0,0,0,1,0,0,0,0,0
3.569470938,0,0,0,0,0,0,0,0,1,1,0,0,0,0
3.569471000,0,0,0,0,0,0,0,0,1,0,0,0,0,0
3.569471062,0,0,0,0,0,0,0,0,1,1,0,0,0,0
3.569471125,0,0,0,0,0,0,0,0,1,0,0,0,0,0
3.569471188,0,0,0,0,0,0,0,0,0,0,0,0,0,0
3.569471250,0,0,0,0,0,0,0,0,1,1,0,0,0,0
3.569471625,0,0,0,0,0,0,0,0,1,0,0,0,0,0
3.569471688,0,0,0,0,0,0,0,0,1,1,0,0,0,0
3.569471750,0,0,0,0,0,0,0,0,1,0,0,0,0,0
3.569471937,0,0,0,0,0,0,0,0,1,1,0,0,0,0
3.569472125,0,0,0,0,0,0,0,0,1,0,0,0,0,0
3.569472188,0,0,0,0,0,0,0,0,1,1,0,0,0,0
3.569472250,0,0,0,0,0,0,0,0,1,0,0,0,0,0
3.569472375,0,0,0,0,0,0,0,0,1,1,0,0,0,0
3.569472437,0,0,0,0,0,0,0,0,1,0,0,0,0,0
3.569472500,0,0,0,0,0,0,0,0,1,1,0,0,0,0
3.569472625,0,0,0,0,0,0,0,0,0,0,0,0,0,0
3.569472750,0,0,0,0,0,0,0,0,1,0,0,0,0,0
3.569472875,0,0,0,0,0,0,0,0,1,1,0,0,0,0
3.569473000,0,0,0,0,0,0,0,0,1,0,0,0,0,0
3.569473250,0,0,0,0,0,0,0,0,0,0,0,0,0,0
3.569473312,0,0,0,0,0,0,0,0,1,0,0,0,0,0
3.569473375,0,0,0,0,0,0,0,0,1,1,0,0,0,0
3.569473438,0,0,0,0,0,0,0,0,1,0,0,0,0,0
3.569473625,0,0,0,0,0,0,0,0,1,1,0,0,0,0
3.569473687,0,0,0,0,0,0,0,0,1,0,0,0,0,0
3.569473813,0,0,0,0,0,0,0,0,0,0,0,0,0,0
3.569473875,0,0,0,0,0,0,0,0,1,1,0,0,0,0
3.569474000,0,0,0,0,0,0,0,0,0,0,0,0,0,0
3.569474062,0,0,0,0,0,0,0,0,1,0,0,0,0,0
3.569474125,0,0,0,0,0,0,0,0,0,0,0,0,0,0
3.569474188,0,0,0,0,0,0,0,0,1,1,0,0,0,0
3.569474250,0,0,0,0,0,0,0,0,1,0,0,0,0,0
3.569474313,0,0,0,0,0,0,0,0,1,1,0,0,0,0
3.569474375,0,0,0,0,0,0,0,0,0,0,0,0,0,0
3.569474437,0,0,0,0,0,0,0,0,1,0,0,0,0,0
3.569474500,0,0,0,0,0,0,0,0,0,0,0,0,0,0
3.569474562,0,0,0,0,0,0,0,0,1,0,0,0,0,0
3.569474625,0,0,0,0,0,0,0,0,0,0,0,0,0,0
3.569474688,0,0,0,0,0,0,0,0,1,0,0,0,0,0
3.569475000,0,0,0,0,0,0,0,0,0,0,0,0,0,0
3.569475125,0,0,0,0,0,0,0,0,1,0,0,0,0,0
3.569475312,0,0,0,0,0,0,0,0,1,1,0,0,0,0
3.569475375,0,0,0,0,0,0,0,0,0,0,0,0,0,0
3.569476063,0,0,0,0,0,0,0,0,1,0,0,0,0,0
3.569476187,0,0,0,0,0,0,0,0,1,1,0,0,0,0
3.569476375,0,0,0,0,0,0,0,0,1,0,0,0,0,0
3.569476438,0,0,0,0,0,0,0,0,1,1,0,0,0,0
3.569476500,0,0,0,0,0,0,0,0,0,0,0,0,0,0
3.569476562,0,0,0,0,0,0,0,0,1,1,0,0,0,0
3.569476625,0,0,0,0,0,0,0,0,0,0,0,0,0,0
3.569476750,0,0,0,0,0,0,0,0,1,0,0,0,0,0
3.569476813,0,0,0,0,0,0,0,0,0,0,0,0,0,0
3.569476875,0,0,0,0,0,0,0,0,1,0,0,0,0,0
3.569476938,0,0,0,0,0,0,0,0,0,0,0,0,0,0
3.569477000,0,0,0,0,0,0,0,0,1,1,0,0,0,0
3.569477062,0,0,0,0,0,0,0,0,1,0,0,0,0,0
3.569477125,0,0,0,0,0,0,0,0,1,1,0,0,0,0
3.569477187,0,0,0,0,0,0,0,0,0,0,0,0,0,0
3.569477250,0,0,0,0,0,0,0,0,1,1,0,0,0,0
3.569477313,0,0,0,0,0,0,0,0,0,0,0,0,0,0
3.569477375,0,0,0,0,0,0,0,0,1,1,0,0,0,0
3.569477437,0,0,0,0,0,0,0,0,0,0,0,0,0,0
3.569477500,0,0,0,0,0,0,0,0,1,1,0,0,0,0
3.569477562,0,0,0,0,0,0,0,0,0,0,0,0,0,0
3.569477688,0,0,0,0,0,0,0,0,1,1,0,0,0,0
3.569477750,0,0,0,0,0,0,0,0,0,0,0,0,0,0
3.569477813,0,0,0,0,0,0,0,0,1,1,0,0,0,0
3.569477875,0,0,0,0,0,0,0,0,1,0,0,0,0,0
3.569477937,0,0,0,0,0,0,0,0,1,1,0,0,0,0
3.569478125,0,0,0,0,0,0,0,0,1,0,0,0,0,0
3.569478188,0,0,0,0,0,0,0,0,0,0,0,0,0,0
3.569478312,0,0,0,0,0,0,0,0,1,1,0,0,0,0
3.569478375,0,0,0,0,0,0,0,0,0,0,0,0,0,0
3.569478437,0,0,0,0,0,0,0,0,1,1,0,0,0,0
3.569478500,0,0,0,0,0,0,0,0,0,0,0,0,0,0
3.569478625,0,0,0,0,0,0,0,0,1,1,0,0,0,0
3.569478688,0,0,0,0,0,0,0,0,1,0,0,0,0,0
3.569478812,0,0,0,0,0,0,0,0,0,0,0,0,0,0
3.569478875,0,0,0,0,0,0,0,0,1,1,0,0,0,0
3.569479000,0,0,0,0,0,0,0,0,1,0,0,0,0,0
3.569479187,0,0,0,0,0,0,0,0,1,1,0,0,0,0
3.569479250,0,0,0,0,0,0,0,0,1,0,0,0,0,0
3.569479312,0,0,0,0,0,0,0,0,1,1,0,0,0,0
3.569479375,0,0,0,0,0,0,0,0,0,0,0,0,0,0
3.569479438,0,0,0,0,0,0,0,0,1,0,0,0,0,0
3.569479563,0,0,0,0,0,0,0,0,1,1,0,0,0,0
3.569479687,0,0,0,0,0,0,0,0,1,0,0,0,0,0
3.569479938,0,0,0,0,0,0,0,0,0,0,0,0,0,0
3.569480000,0,0,0,0,0,0,0,0,1,0,0,0,0,0
3.569480313,0,0,0,0,0,0,0,0,1,1,0,0,0,0
3.569480375,0,0,0,0,0,0,0,0,0,0,0,0,0,0
3.569480438,0,0,0,0,0,0,0,0,1,1,0,0,0,0
3.569480500,0,0,0,0,0,0,0,0,1,0,0,0,0,0
3.569480562,0,0,0,0,0,0,0,0,1,1,0,0,0,0
3.569480625,0,0,0,0,0,0,0,0,0,0,0,0,0,0
3.569480750,0,0,0,0,0,0,0,0,1,0,0,0,0,0
3.569480875,0,0,0,0,0,0,0,0,1,1,0,0,0,0
3.569481062,0,0,0,0,0,0,0,0,1,0,0,0,0,0
3.569481125,0,0,0,0,0,0,0,0,1,1,0,0,0,0
3.569481188,0,0,0,0,0,0,0,0,0,0,0,0,0,0
3.569481250,0,0,0,0,0,0,0,0,1,0,0,0,0,0
3.569481312,0,0,0,0,0,0,0,0,0,0,0,0,0,0
3.569481375,0,0,0,0,0,0,0,0,1,0,0,0,0,0
3.569481437,0,0,0,0,0,0,0,0,0,0,0,0,0,0
3.569481500,0,0,0,0,0,0,0,0,1,0,0,0,0,0
3.569481625,0,0,0,0,0,0,0,0,1,1,0,0,0,0
3.569481812,0,0,0,0,0,0,0,0,1,0,0,0,0,0
3.569481875,0,0,0,0,0,0,0,0,1,1,0,0,0,0
3.569482000,0,0,0,0,0,0,0,0,1,0,0,0,0,0
3.569482312,0,0,0,0,0,0,0,0,1,1,0,0,0,0
3.569482375,0,0,0,0,0,0,0,0,1,0,0,0,0,0
3.569482438,0,0,0,0,0,0,0,0,0,0,0,0,0,0
3.569482500,0,0,0,0,0,0,0,0,1,1,0,0,0,0
3.569482563,0,0,0,0,0,0,0,0,1,0,0,0,0,0
3.569482875,0,0,0,0,0,0,0,0,1,1,0,0,0,0
3.569483125,0,0,0,0,0,0,0,0,1,0,0,0,0,0
3.569483187,0,0,0,0,0,0,0,0,1,1,0,0,0,0
3.569483250,0,0,0,0,0,0,0,0,1,0,0,0,0,0
3.569483313,0,0,0,0,0,0,0,0,1,1,0,0,0,0
3.569483375,0,0,0,0,0,0,0,0,0,0,0,0,0,0
3.569483500,0,0,0,0,0,0,0,0,1,1,0,0,0,0
3.569483562,0,0,0,0,0,0,0,0,0,0,0,0,0,0
3.569483625,0,0,0,0,0,0,0,0,1,1,0,0,0,0
3.569483875,0,0,0,0,0,0,0,0,1,0,0,0,0,0
3.569483937,0,0,0,0,0,0,0,0,1,1,0,0,0,0
3.569484000,0,0,0,0,0,0,0,0,1,0,0,0,0,0
3.569484062,0,0,0,0,0,0,0,0,0,0,0,0,0,0
3.569484125,0,0,0,0,0,0,0,0,1,1,0,0,0,0
3.569484188,0,0,0,0,0,0,0,0,1,0,0,0,0,0
3.569484313,0,0,0,0,0,0,0,0,1,1,0,0,0,0
3.569484375,0,0,0,0,0,0,0,0,0,0,0,0,0,0
3.569484437,0,0,0,0,0,0,0,0,1,1,0,0,0,0
3.569484500,0,0,0,0,0,0,0,0,1,0,0,0,0,0
3.569484563,0,0,0,0,0,0,0,0,0,0,0,0,0,0
3.569484625,0,0,0,0,0,0,0,0,1,1,0,0,0,0
3.569484750,0,0,0,0,0,0,0,0,1,0,0,0,0,0
3.569484812,0,0,0,0,0,0,0,0,1,1,0,0,0,0
3.569484875,0,0,0,0,0,0,0,0,0,0,0,0,0,0
3.569484937,0,0,0,0,0,0,0,0,1,0,0,0,0,0
3.569485063,0,0,0,0,0,0,0,0,1,1,0,0,0,0
3.569485125,0,0,0,0,0,0,0,0,1,0,0,0,0,0
3.569485250,0,0,0,0,0,0,0,0,1,1,0,0,0,0
3.569485312,0,0,0,0,0,0,0,0,0,0,0,0,0,0
3.569485375,0,0,0,0,0,0,0,0,1,1,0,0,0,0
3.569485500,0,0,0,0,0,0,0,0,1,0,0,0,0,0
3.569485563,0,0,0,0,0,0,0,0,1,1,0,0,0,0
3.569485625,0,0,0,0,0,0,0,0,1,0,0,0,0,0
3.569485750,0,0,0,0,0,0,0,0,1,1,0,0,0,0
3.569485812,0,0,0,0,0,0,0,0,0,0,0,0,0,0
3.569485875,0,0,0,0,0,0,0,0,1,1,0,0,0,0
3.569486000,0,0,0,0,0,0,0,0,0,0,0,0,0,0
3.569486062,0,0,0,0,0,0,0,0,1,1,0,0,0,0
3.569486125,0,0,0,0,0,0,0,0,0,0,0,0,0,0
3.569486187,0,0,0,0,0,0,0,0,1,0,0,0,0,0
3.569486250,0,0,0,0,0,0,0,0,1,1,0,0,0,0
3.569486438,0,0,0,0,0,0,0,0,1,0,0,0,0,0
3.569486500,0,0,0,0,0,0,0,0,1,1,0,0,0,0
3.569486562,0,0,0,0,0,0,0,0,0,0,0,0,0,0
3.569486625,0,0,0,0,0,0,0,0,1,1,0,0,0,0
3.569486750,0,0,0,0,0,0,0,0,0,0,0,0,0,0
3.569486813,0,0,0,0,0,0,0,0,1,0,0,0,0,0
3.569486937,0,0,0,0,0,0,0,0,1,1,0,0,0,0
3.569487375,0,0,0,0,0,0,0,0,0,0,0,0,0,0
3.569487437,0,0,0,0,0,0,0,0,1,1,0,0,0,0
3.569487500,0,0,0,0,0,0,0,0,1,0,0,0,0,0
3.569487562,0,0,0,0,0,0,0,0,1,1,0,0,0,0
3.569487625,0,0,0,0,0,0,0,0,1,0,0,0,0,0
3.569487688,0,0,0,0,0,0,0,0,0,0,0,0,0,0
3.569487750,0,0,0,0,0,0,0,0,1,1,0,0,0,0
3.569488000,0,0,0,0,0,0,0,0,1,0,0,0,0,0
3.569488188,0,0,0,0,0,0,0,0,1,1,0,0,0,0
3.569488563,0,0,0,0,0,0,0,0,1,0,0,0,0,0
3.569488625,0,0,0,0,0,0,0,0,0,0,0,0,0,0
3.569488687,0,0,0,0,0,0,0,0,1,1,0,0,0,0
3.569488750,0,0,0,0,0,0,0,0,0,0,0,0,0,0
3.569488875,0,0,0,0,0,0,0,0,1,1,0,0,0,0
3.569489250,0,0,0,0,0,0,0,0,1,0,0,0,0,0
3.569489313,0,0,0,0,0,0,0,0,1,1,0,0,0,0
3.569489562,0,0,0,0,0,0,0,0,0,0,0,0,0,0
3.569489625,0,0,0,0,0,0,0,0,1,1,0,0,0,0
3.569489875,0,0,0,0,0,0,0,0,1,0,0,0,0,0
3.569490000,0,0,0,0,0,0,0,0,1,1,0,0,0,0
3.569490062,0,0,0,0,0,0,0,0,1,0,0,0,0,0
3.569490125,0,0,0,0,0,0,0,0,1,1,0,0,0,0
3.569490375,0,0,0,0,0,0,0,0,1,0,0,0,0,0
3.569490437,0,0,0,0,0,0,0,0,0,0,0,0,0,0
3.569490500,0,0,0,0,0,0,0,0,1,0,0,0,0,0
3.569490625,0,0,0,0,0,0,0,0,1,1,0,0,0,0
3.569490875,0,0,0,0,0,0,0,0,0,0,0,0,0,0
3.569490937,0,0,0,0,0,0,0,0,1,1,0,0,0,0
3.569491063,0,0,0,0,0,0,0,0,1,0,0,0,0,0
3.569491125,0,0,0,0,0,0,0,0,1,1,0,0,0,0
3.569491250,0,0,0,0,0,0,0,0,1,0,0,0,0,0
3.569491312,0,0,0,0,0,0,0,0,1,1,0,0,0,0
3.569491375,0,0,0,0,0,0,0,0,0,0,0,0,0,0
3.569491437,0,0,0,0,0,0,0,0,1,1,0,0,0,0
3.569491500,0,0,0,0,0,0,0,0,1,0,0,0,0,0
3.569491563,0,0,0,0,0,0,0,0,1,1,0,0,0,0
3.569492250,0,0,0,0,0,0,0,0,1,0,0,0,0,0
3.569492312,0,0,0,0,0,0,0,0,1,1,0,0,0,0
3.569492438,0,0,0,0,0,0,0,0,1,0,0,0,0,0
3.569492500,0,0,0,0,0,0,0,0,1,1,0,0,0,0
3.569492625,0,0,0,0,0,0,0,0,0,0,0,0,0,0
3.569492687,0,0,0,0,0,0,0,0,1,1,0,0,0,0
3.569492750,0,0,0,0,0,0,0,0,0,0,0,0,0,0
3.569492813,0,0,0,0,0,0,0,0,1,1,0,0,0,0
3.569492875,0,0,0,0,0,0,0,0,0,0,0,0,0,0
3.569492938,0,0,0,0,0,0,0,0,1,1,0,0,0,0
3.569493000,0,0,0,0,0,0,0,0,0,0,0,0,0,0
3.569493062,0,0,0,0,0,0,0,0,1,1,0,0,0,0
3.569493187,0,0,0,0,0,0,0,0,0,0,0,0,0,0
3.569493250,0,0,0,0,0,0,0,0,1,1,0,0,0,0
3.569493313,0,0,0,0,0,0,0,0,0,0,0,0,0,0
3.569493375,0,0,0,0,0,0,0,0,1,1,0,0,0,0
3.569493688,0,0,0,0,0,0,0,0,0,0,0,0,0,0
3.569493750,0,0,0,0,0,0,0,0,1,1,0,0,0,0
3.569493813,0,0,0,0,0,0,0,0,0,0,0,0,0,0
3.569493875,0,0,0,0,0,0,0,0,1,1,0,0,0,0
3.569494125,0,0,0,0,0,0,0,0,0,0,0,0,0,0
3.569494188,0,0,0,0,0,0,0,0,1,1,0,0,0,0
3.569494250,0,0,0,0,0,0,0,0,1,0,0,0,0,0
3.569494312,0,0,0,0,0,0,0,0,1,1,0,0,0,0
3.569494875,0,0,0,0,0,0,0,0,1,0,0,0,0,0
3.569494938,0,0,0,0,0,0,0,0,1,1,0,0,0,0
3.569495687,0,0,0,0,0,0,0,0,1,0,0,0,0,0
3.569495750,0,0,0,0,0,0,0,0,1,1,0,0,0,0
3.569498563,0,0,0,0,0,0,0,0,1,0,0,0,0,0
3.569498625,0,0,0,0,0,0,0,0,0,0,0,0,0,0
3.569498687,0,0,0,0,0,0,0,0,1,1,0,0,0,0
3.569498813,0,0,0,0,0,0,0,0,0,0,0,0,0,0
3.569498938,0,0,0,0,0,0,0,0,1,0,0,0,0,0
3.569499000,0,0,0,0,0,0,0,0,1,1,0,0,0,0
3.569500625,0,0,0,0,0,0,0,0,1,0,0,0,0,0
3.569500750,0,0,0,0,0,0,0,0,1,1,0,0,0,0
3.569501250,0,0,0,0,0,0,0,0,1,0,0,0,0,0
3.569501312,0,0,0,0,0,0,0,0,1,1,0,0,0,0
3.569502187,0,0,0,0,0,0,0,0,1,0,0,0,0,0
3.569502250,0,0,0,0,0,0,0,0,1,1,0,0,0,0
3.569502687,0,0,0,0,0,0,0,0,1,0,0,0,0,0
3.569502750,0,0,0,0,0,0,0,0,1,1,0,0,0,0
3.569502813,0,0,0,0,0,0,0,0,1,0,0,0,0,0
3.569502875,0,0,0,0,0,0,0,0,1,1,0,0,0,0
3.569506688,0,0,0,0,0,0,0,0,0,0,0,0,0,0
3.569506750,0,0,0,0,0,0,0,0,1,1,0,0,0,0
3.569508063,0,0,0,0,0,0,0,0,1,0,0,0,0,0
3.569508125,0,0,0,0,0,0,0,0,1,1,0,0,0,0
3.569508313,0,0,0,0,0,0,0,0,0,0,0,0,0,0
3.569508375,0,0,0,0,0,0,0,0,1,1,0,0,0,0
3.569508438,0,0,0,0,0,0,0,0,0,0,0,0,0,0
3.569508500,0,0,0,0,0,0,0,0,1,1,0,0,0,0
3.569508562,0,0,0,0,0,0,0,0,0,0,0,0,0,0
3.569508625,0,0,0,0,0,0,0,0,1,1,0,0,0,0
3.569509062,0,0,0,0,0,0,0,0,1,0,0,0,0,0
3.569509125,0,0,0,0,0,0,0,0,1,1,0,0,0,0
3.569510625,0,0,0,0,0,0,0,0,1,0,0,0,0,0
3.569510687,0,0,0,0,0,0,0,0,1,1,0,0,0,0
3.569511187,0,0,0,0,0,0,0,0,1,0,0,0,0,0
3.569511250,0,0,0,0,0,0,0,0,1,1,0,0,0,0
3.569512375,0,0,0,0,0,0,0,0,0,0,0,0,0,0
3.569512437,0,0,0,0,0,0,0,0,1,1,0,0,0,0
3.569514250,0,0,0,0,0,0,0,0,1,0,0,0,0,0
3.569514312,0,0,0,0,0,0,0,0,1,1,0,0,0,0
3.569514438,0,0,0,0,0,0,0,0,0,0,0,0,0,0
3.569514500,0,0,0,0,0,0,0,0,1,1,0,0,0,0
3.569514938,0,0,0,0,0,0,0,0,1,0,0,0,0,0
3.569515000,0,0,0,0,0,0,0,0,1,1,0,0,0,0
3.569515375,0,0,0,0,0,0,0,0,0,0,0,0,0,0
3.569515438,0,0,0,0,0,0,0,0,1,1,0,0,0,0
3.569516375,0,0,0,0,0,0,0,0,0,0,0,0,0,0
3.569516437,0,0,0,0,0,0,0,0,1,1,0,0,0,0
3.569516875,0,0,0,0,0,0,0,0,0,0,0,0,0,0
3.569516937,0,0,0,0,0,0,0,0,1,1,0,0,0,0
3.569517063,0,0,0,0,0,0,0,0,1,0,0,0,0,0
3.569517125,0,0,0,0,0,0,0,0,1,1,0,0,0,0
3.569517187,0,0,0,0,0,0,0,0,0,0,0,0,0,0
3.569517250,0,0,0,0,0,0,0,0,1,1,0,0,0,0
3.569517312,0,0,0,0,0,0,0,0,0,0,0,0,0,0
3.569517375,0,0,0,0,0,0,0,0,1,1,0,0,0,0
3.569517625,0,0,0,0,0,0,0,0,0,1,0,0,0,0
3.569517687,0,0,0,0,0,0,0,0,1,1,0,0,0,0
3.569517750,0,0,0,0,0,0,0,0,0,0,0,0,0,0
3.569518062,0,0,0,0,0,0,0,0,1,0,0,0,0,0
3.569518187,0,0,0,0,0,0,0,0,1,1,0,0,0,0
3.569518688,0,0,0,0,0,0,0,0,1,0,0,0,0,0
3.569518750,0,0,0,0,0,0,0,0,0,0,0,0,0,0
3.569518813,0,0,0,0,0,0,0,0,1,1,0,0,0,0
3.569518937,0,0,0,0,0,0,0,0,1,0,0,0,0,0
3.569519000,0,0,0,0,0,0,0,0,1,1,0,0,0,0
3.569519375,0,0,0,0,0,0,0,0,1,0,0,0,0,0
3.569519437,0,0,0,0,0,0,0,0,1,1,0,0,0,0
3.569519563,0,0,0,0,0,0,0,0,1,0,0,0,0,0
3.569519625,0,0,0,0,0,0,0,0,1,1,0,0,0,0
3.569519688,0,0,0,0,0,0,0,0,0,0,0,0,0,0
3.569519750,0,0,0,0,0,0,0,0,1,1,0,0,0,0
3.569520375,0,0,0,0,0,0,0,0,1,0,0,0,0,0
3.569520438,0,0,0,0,0,0,0,0,1,1,0,0,0,0
3.569520625,0,0,0,0,0,0,0,0,1,0,0,0,0,0
3.569520687,0,0,0,0,0,0,0,0,1,1,0,0,0,0
3.569521000,0,0,0,0,0,0,0,0,1,0,0,0,0,0
3.569521062,0,0,0,0,0,0,0,0,1,1,0,0,0,0
3.569521250,0,0,0,0,0,0,0,0,1,0,0,0,0,0
3.569521313,0,0,0,0,0,0,0,0,0,0,0,0,0,0
3.569521375,0,0,0,0,0,0,0,0,1,1,0,0,0,0
3.569522188,0,0,0,0,0,0,0,0,1,0,0,0,0,0
3.569522250,0,0,0,0,0,0,0,0,1,1,0,0,0,0
3.569522437,0,0,0,0,0,0,0,0,0,1,0,0,0,0
3.569522500,0,0,0,0,0,0,0,0,1,1,0,0,0,0
3.569522812,0,0,0,0,0,0,0,0,1,0,0,0,0,0
3.569522875,0,0,0,0,0,0,0,0,1,1,0,0,0,0
3.569523375,0,0,0,0,0,0,0,0,0,1,0,0,0,0
3.569523438,0,0,0,0,0,0,0,0,1,0,0,0,0,0
3.569523500,0,0,0,0,0,0,0,0,1,1,0,0,0,0
3.569523687,0,0,0,0,0,0,0,0,0,0,0,0,0,0
3.569523750,0,0,0,0,0,0,0,0,1,1,0,0,0,0
3.569523812,0,0,0,0,0,0,0,0,0,0,0,0,0,0
3.569523875,0,0,0,0,0,0,0,0,1,1,0,0,0,0
3.569523938,0,0,0,0,0,0,0,0,0,0,0,0,0,0
3.569524000,0,0,0,0,0,0,0,0,1,1,0,0,0,0
3.569524063,0,0,0,0,0,0,0,0,0,0,0,0,0,0
3.569524125,0,0,0,0,0,0,0,0,1,1,0,0,0,0
3.569524250,0,0,0,0,0,0,0,0,0,0,0,0,0,0
3.569524313,0,0,0,0,0,0,0,0,1,1,0,0,0,0
3.569524375,0,0,0,0,0,0,0,0,0,0,0,0,0,0
3.569524438,0,0,0,0,0,0,0,0,1,1,0,0,0,0
3.569524562,0,0,0,0,0,0,0,0,1,0,0,0,0,0
3.569524625,0,0,0,0,0,0,0,0,1,1,0,0,0,0
3.569525000,0,0,0,0,0,0,0,0,1,0,0,0,0,0
3.569525062,0,0,0,0,0,0,0,0,1,1,0,0,0,0
3.569526687,0,0,0,0,0,0,0,0,1,0,0,0,0,0
3.569526750,0,0,0,0,0,0,0,0,1,1,0,0,0,0
3.569527250,0,0,0,0,0,0,0,0,1,0,0,0,0,0
3.569527312,0,0,0,0,0,0,0,0,1,1,0,0,0,0
3.569527500,0,0,0,0,0,0,0,0,1,0,0,0,0,0
3.569527562,0,0,0,0,0,0,0,0,1,1,0,0,0,0
3.569528125,0,0,0,0,0,0,0,0,1,0,0,0,0,0
3.569528188,0,0,0,0,0,0,0,0,1,1,0,0,0,0
3.569529000,0,0,0,0,0,0,0,0,1,0,0,0,0,0
3.569529063,0,0,0,0,0,0,0,0,1,1,0,0,0,0
3.569539000,0,0,0,0,0,0,0,0,1,0,0,0,0,0
3.569539125,0,0,0,0,0,0,0,0,1,1,0,0,0,0
3.569539188,0,0,0,0,0,0,0,0,1,0,0,0,0,0
3.569539250,0,0,0,0,0,0,0,0,1,1,0,0,0,0
3.569539312,0,0,0,0,0,0,0,0,0,0,0,0,0,0
3.569539375,0,0,0,0,0,0,0,0,1,1,0,0,0,0
3.569539438,0,0,0,0,0,0,0,0,0,0,0,0,0,0
3.569539500,0,0,0,0,0,0,0,0,1,1,0,0,0,0
3.569539750,0,0,0,0,0,0,0,0,1,0,0,0,0,0
3.569539812,0,0,0,0,0,0,0,0,1,1,0,0,0,0
3.569543313,0,0,0,0,0,0,0,0,1,0,0,0,0,0
3.569543375,0,0,0,0,0,0,0,0,1,1,0,0,0,0
3.569544313,0,0,0,0,0,0,0,0,1,0,0,0,0,0
3.569544375,0,0,0,0,0,0,0,0,1,1,0,0,0,0
3.569546438,0,0,0,0,0,0,0,0,0,1,0,0,0,0
3.569546500,0,0,0,0,0,0,0,0,1,1,0,0,0,0
3.569547375,0,0,0,0,0,0,0,0,0,1,0,0,0,0
3.569547437,0,0,0,0,0,0,0,0,1,1,0,0,0,0
3.569548375,0,0,0,0,0,0,0,0,0,0,0,0,0,0
3.569548437,0,0,0,0,0,0,0,0,1,1,0,0,0,0
3.569548875,0,0,0,0,0,0,0,0,0,1,0,0,0,0
3.569548938,0,0,0,0,0,0,0,0,1,1,0,0,0,0
3.569549312,0,0,0,0,0,0,0,0,0,0,0,0,0,0
3.569549375,0,0,0,0,0,0,0,0,1,1,0,0,0,0
3.569549813,0,0,0,0,0,0,0,0,0,1,0,0,0,0
3.569549875,0,0,0,0,0,0,0,0,1,1,0,0,0,0
3.569550750,0,0,0,0,0,0,0,0,0,1,0,0,0,0
3.569550813,0,0,0,0,0,0,0,0,1,1,0,0,0,0
3.569551312,0,0,0,0,0,0,0,0,1,0,0,0,0,0
3.569551375,0,0,0,0,0,0,0,0,1,1,0,0,0,0
3.569551688,0,0,0,0,0,0,0,0,0,1,0,0,0,0
3.569551750,0,0,0,0,0,0,0,0,1,1,0,0,0,0
3.569554437,0,0,0,0,0,0,0,0,0,0,0,0,0,0
3.569554500,0,0,0,0,0,0,0,0,1,1,0,0,0,0
3.569554812,0,0,0,0,0,0,0,0,0,0,0,0,0,0
3.569554875,0,0,0,0,0,0,0,0,1,1,0,0,0,0
3.569555250,0,0,0,0,0,0,0,0,1,0,0,0,0,0
3.569555312,0,0,0,0,0,0,0,0,1,1,0,0,0,0
3.569555375,0,0,0,0,0,0,0,0,0,1,0,0,0,0
3.569555438,0,0,0,0,0,0,0,0,1,1,0,0,0,0
3.569559313,0,0,0,0,0,0,0,0,0,0,0,0,0,0
3.569559375,0,0,0,0,0,0,0,0,1,0,0,0,0,0
3.569559438,0,0,0,0,0,0,0,0,1,1,0,0,0,0
3.569559875,0,0,0,0,0,0,0,0,0,0,0,0,0,0
3.569560125,0,0,0,0,0,0,0,0,1,1,0,0,0,0
3.569560688,0,0,0,0,0,0,0,0,1,0,0,0,0,0
3.569560750,0,0,0,0,0,0,0,0,1,1,0,0,0,0
3.569569438,0,0,0,0,0,0,0,0,0,0,0,0,0,0
3.569569500,0,0,0,0,0,0,0,0,1,0,0,0,0,0
3.569569562,0,0,0,0,0,0,0,0,1,1,0,0,0,0
3.569578438,0,0,0,0,0,0,0,0,0,1,0,0,0,0
3.569578500,0,0,0,0,0,0,0,0,1,1,0,0,0,0
3.569579375,0,0,0,0,0,0,0,0,0,1,0,0,0,0
3.569579437,0,0,0,0,0,0,0,0,1,1,0,0,0,0
3.569579562,0,0,0,0,0,0,0,0,1,0,0,0,0,0
3.569579625,0,0,0,0,0,0,0,0,1,1,0,0,0,0
3.569580375,0,0,0,0,0,0,0,0,0,0,0,0,0,0
3.569580437,0,0,0,0,0,0,0,0,1,1,0,0,0,0
3.569580875,0,0,0,0,0,0,0,0,0,1,0,0,0,0
3.569580938,0,0,0,0,0,0,0,0,1,1,0,0,0,0
3.569581312,0,0,0,0,0,0,0,0,0,0,0,0,0,0
3.569581375,0,0,0,0,0,0,0,0,1,1,0,0,0,0
3.569581813,0,0,0,0,0,0,0,0,0,1,0,0,0,0
3.569581875,0,0,0,0,0,0,0,0,1,1,0,0,0,0
3.569582750,0,0,0,0,0,0,0,0,0,1,0,0,0,0
3.569582813,0,0,0,0,0,0,0,0,1,1,0,0,0,0
3.569583688,0,0,0,0,0,0,0,0,0,0,0,0,0,0
3.569583750,0,0,0,0,0,0,0,0,1,1,0,0,0,0
3.569586437,0,0,0,0,0,0,0,0,0,1,0,0,0,0
3.569586500,0,0,0,0,0,0,0,0,1,1,0,0,0,0
3.569587375,0,0,0,0,0,0,0,0,0,1,0,0,0,0
3.569587438,0,0,0,0,0,0,0,0,1,1,0,0,0,0
3.569587813,0,0,0,0,0,0,0,0,1,0,0,0,0,0
3.569587875,0,0,0,0,0,0,0,0,1,1,0,0,0,0
3.569601625,0,0,0,0,0,0,0,0,0,1,0,0,0,0
3.569601688,0,0,0,0,0,0,0,0,1,1,0,0,0,0
3.569601937,0,0,0,0,0,0,0,0,0,1,0,0,0,0
3.569602000,0,0,0,0,0,0,0,0,1,1,0,0,0,0
3.569602063,0,0,0,0,0,0,0,0,0,0,0,0,0,0
3.569602188,0,0,0,0,0,0,0,0,1,1,0,0,0,0
3.569602250,0,0,0,0,0,0,0,0,1,0,0,0,0,0
3.569602312,0,0,0,0,0,0,0,0,1,1,0,0,0,0
3.569610062,0,0,0,0,0,0,0,0,0,0,0,0,0,0
3.569610125,0,0,0,0,0,0,0,0,1,1,0,0,0,0
3.569610438,0,0,0,0,0,0,0,0,0,1,0,0,0,0
3.569610500,0,0,0,0,0,0,0,0,1,1,0,0,0,0
3.569611375,0,0,0,0,0,0,0,0,0,1,0,0,0,0
3.569611437,0,0,0,0,0,0,0,0,1,1,0,0,0,0
3.569612375,0,0,0,0,0,0,0,0,0,0,0,0,0,0
3.569612438,0,0,0,0,0,0,0,0,1,1,0,0,0,0
3.569612875,0,0,0,0,0,0,0,0,0,1,0,0,0,0
3.569612938,0,0,0,0,0,0,0,0,1,1,0,0,0,0
3.569613313,0,0,0,0,0,0,0,0,0,0,0,0,0,0
3.569613375,0,0,0,0,0,0,0,0,1,1,0,0,0,0
3.569613813,0,0,0,0,0,0,0,0,0,1,0,0,0,0
3.569613875,0,0,0,0,0,0,0,0,1,1,0,0,0,0
3.569614750,0,0,0,0,0,0,0,0,0,1,0,0,0,0
3.569614812,0,0,0,0,0,0,0,0,1,1,0,0,0,0
3.569615687,0,0,0,0,0,0,0,0,0,1,0,0,0,0
3.569615750,0,0,0,0,0,0,0,0,1,1,0,0,0,0
3.569618437,0,0,0,0,0,0,0,0,0,1,0,0,0,0
3.569618500,0,0,0,0,0,0,0,0,1,1,0,0,0,0
3.569630375,0,0,0,0,0,0,0,0,0,0,0,0,0,0
3.569630437,0,0,0,0,0,0,0,0,1,1,0,0,0,0
3.569632500,0,0,0,0,0,0,0,0,0,0,0,0,0,0
3.569632562,0,0,0,0,0,0,0,0,1,1,0,0,0,0
3.569642438,0,0,0,0,0,0,0,0,0,1,0,0,0,0
3.569642500,0,0,0,0,0,0,0,0,1,1,0,0,0,0
3.569643375,0,0,0,0,0,0,0,0,0,1,0,0,0,0
3.569643437,0,0,0,0,0,0,0,0,1,1,0,0,0,0
3.569644063,0,0,0,0,0,0,0,0,0,1,0,0,0,0
3.569644125,0,0,0,0,0,0,0,0,1,1,0,0,0,0
3.569644375,0,0,0,0,0,0,0,0,0,0,0,0,0,0
3.569644438,0,0,0,0,0,0,0,0,1,1,0,0,0,0
3.569644875,0,0,0,0,0,0,0,0,0,1,0,0,0,0
3.569644938,0,0,0,0,0,0,0,0,1,1,0,0,0,0
3.569645313,0,0,0,0,0,0,0,0,0,0,0,0,0,0
3.569645375,0,0,0,0,0,0,0,0,1,1,0,0,0,0
3.569645813,0,0,0,0,0,0,0,0,0,1,0,0,0,0
3.569645875,0,0,0,0,0,0,0,0,1,1,0,0,0,0
3.569646750,0,0,0,0,0,0,0,0,0,1,0,0,0,0
3.569646812,0,0,0,0,0,0,0,0,1,1,0,0,0,0
3.569647687,0,0,0,0,0,0,0,0,0,1,0,0,0,0
3.569647750,0,0,0,0,0,0,0,0,1,1,0,0,0,0
3.569648250,0,0,0,0,0,0,0,0,0,0,0,0,0,0
3.569648313,0,0,0,0,0,0,0,0,1,1,0,0,0,0
3.569648375,0,0,0,0,0,0,0,0,0,0,0,0,0,0
3.569648438,0,0,0,0,0,0,0,0,1,1,0,0,0,0
3.569650437,0,0,0,0,0,0,0,0,0,1,0,0,0,0
3.569650500,0,0,0,0,0,0,0,0,1,1,0,0,0,0
3.569650687,0,0,0,0,0,0,0,0,1,0,0,0,0,0
3.569650750,0,0,0,0,0,0,0,0,1,1,0,0,0,0
3.569651375,0,0,0,0,0,0,0,0,0,1,0,0,0,0
3.569651438,0,0,0,0,0,0,0,0,1,1,0,0,0,0
3.569663875,0,0,0,0,0,0,0,0,0,1,0,0,0,0
3.569663938,0,0,0,0,0,0,0,0,1,1,0,0,0,0
3.569671000,0,0,0,0,0,0,0,0,1,0,0,0,0,0
3.569671062,0,0,0,0,0,0,0,0,1,1,0,0,0,0
3.569674437,0,0,0,0,0,0,0,0,0,1,0,0,0,0
3.569674500,0,0,0,0,0,0,0,0,1,1,0,0,0,0
3.569676375,0,0,0,0,0,0,0,0,1,0,0,0,0,0
3.569676438,0,0,0,0,0,0,0,0,1,1,0,0,0,0
3.569677313,0,0,0,0,0,0,0,0,1,0,0,0,0,0
3.569677375,0,0,0,0,0,0,0,0,1,1,0,0,0,0
3.569678750,0,0,0,0,0,0,0,0,0,1,0,0,0,0
3.569678812,0,0,0,0,0,0,0,0,1,1,0,0,0,0
3.569682438,0,0,0,0,0,0,0,0,0,1,0,0,0,0
3.569682500,0,0,0,0,0,0,0,0,1,1,0,0,0,0
3.569691312,0,0,0,0,0,0,0,0,1,0,0,0,0,0
3.569691375,0,0,0,0,0,0,0,0,1,1,0,0,0,0
3.569706437,0,0,0,0,0,0,0,0,0,1,0,0,0,0
3.569706500,0,0,0,0,0,0,0,0,1,1,0,0,0,0
3.569709313,0,0,0,0,0,0,0,0,1,0,0,0,0,0
3.569709375,0,0,0,0,0,0,0,0,1,1,0,0,0,0
3.569711625,0,0,0,0,0,0,0,0,1,0,0,0,0,0
3.569711687,0,0,0,0,0,0,0,0,1,1,0,0,0,0
3.569741813,0,0,0,0,0,0,0,0,0,1,0,0,0,0
3.569741875,0,0,0,0,0,0,0,0,1,1,0,0,0,0
3.569770437,0,0,0,0,0,0,0,0,0,1,0,0,0,0
3.569770500,0,0,0,0,0,0,0,0,1,1,0,0,0,0
3.569836375,0,0,0,0,0,0,0,0,1,0,0,0,0,0
3.569836437,0,0,0,0,0,0,0,0,1,1,0,0,0,0
3.569938437,0,0,0,0,0,0,0,0,0,1,0,0,0,0
3.569938500,0,0,0,0,0,0,0,0,1,1,0,0,0,0
3.570105500,0,0,0,0,0,0,0,0,0,0,0,0,0,0
3.570105563,0,0,0,0,0,0,0,0,1,1,0,0,0,0
3.570137375,0,0,0,0,0,0,0,0,0,0,0,0,0,0
3.570137438,0,0,0,0,0,0,0,0,1,1,0,0,0,0
3.570153375,0,0,0,0,0,0,0,0,0,0,0,0,0,0
3.570153438,0,0,0,0,0,0,0,0,1,1,0,0,0,0
3.570201562,0,0,0,0,0,0,0,0,0,1,0,0,0,0
3.570201625,0,0,0,0,0,0,0,0,1,1,0,0,0,0
3.570217562,0,0,0,0,0,0,0,0,0,0,0,0,0,0
3.570217625,0,0,0,0,0,0,0,0,1,1,0,0,0,0
3.570233562,0,0,0,0,0,0,0,0,0,0,0,0,0,0
3.570233625,0,0,0,0,0,0,0,0,1,1,0,0,0,0
3.570249500,0,0,0,0,0,0,0,0,0,0,0,0,0,0
3.570249562,0,0,0,0,0,0,0,0,1,1,0,0,0,0
3.570249625,0,0,0,0,0,0,0,0,0,0,0,0,0,0
3.570249688,0,0,0,0,0,0,0,0,1,1,0,0,0,0
3.570281813,0,0,0,0,0,0,0,0,0,0,0,0,0,0
3.570281875,0,0,0,0,0,0,0,0,1,1,0,0,0,0
3.570297750,0,0,0,0,0,0,0,0,0,0,0,0,0,0
3.570297812,0,0,0,0,0,0,0,0,1,1,0,0,0,0
3.570314000,0,0,0,0,0,0,0,0,0,0,0,0,0,0
3.570314063,0,0,0,0,0,0,0,0,1,1,0,0,0,0
3.570346063,0,0,0,0,0,0,0,0,0,0,0,0,0,0
3.570346125,0,0,0,0,0,0,0,0,1,1,0,0,0,0
3.570378375,0,0,0,0,0,0,0,0,0,0,0,0,0,0
3.570378438,0,0,0,0,0,0,0,0,1,1,0,0,0,0
3.570378500,0,0,0,0,0,0,0,0,0,0,0,0,0,0
3.570378563,0,0,0,0,0,0,0,0,1,1,0,0,0,0
3.570394563,0,0,0,0,0,0,0,0,0,0,0,0,0,0
3.570394625,0,0,0,0,0,0,0,0,1,1,0,0,0,0
3.570427125,0,0,0,0,0,0,0,0,0,0,0,0,0,0
3.570427187,0,0,0,0,0,0,0,0,1,1,0,0,0,0
3.570443188,0,0,0,0,0,0,0,0,0,0,0,0,0,0
3.570443250,0,0,0,0,0,0,0,0,1,1,0,0,0,0
3.570443313,0,0,0,0,0,0,0,0,0,0,0,0,0,0
3.570443375,0,0,0,0,0,0,0,0,1,1,0,0,0,0
3.570491875,0,0,0,0,0,0,0,0,0,0,0,0,0,0
3.570491937,0,0,0,0,0,0,0,0,1,1,0,0,0,0
3.570492000,0,0,0,0,0,0,0,0,0,0,0,0,0,0
3.570492063,0,0,0,0,0,0,0,0,1,1,0,0,0,0
3.570540687,0,0,0,0,0,0,0,0,0,0,0,0,0,0
3.570540750,0,0,0,0,0,0,0,0,1,1,0,0,0,0
3.570540812,0,0,0,0,0,0,0,0,0,1,0,0,0,0
3.570540875,0,0,0,0,0,0,0,0,1,1,0,0,0,0
3.570557125,0,0,0,0,0,0,0,0,0,0,0,0,0,0
3.570557187,0,0,0,0,0,0,0,0,1,1,0,0,0,0
3.570589750,0,0,0,0,0,0,0,0,0,0,0,0,0,0
3.570589813,0,0,0,0,0,0,0,0,1,1,0,0,0,0
3.570606063,0,0,0,0,0,0,0,0,0,1,0,0,0,0
3.570606125,0,0,0,0,0,0,0,0,1,1,0,0,0,0
3.570655063,0,0,0,0,0,0,0,0,0,1,0,0,0,0
3.570655125,0,0,0,0,0,0,0,0,1,1,0,0,0,0
3.570687813,0,0,0,0,0,0,0,0,0,0,0,0,0,0
3.570687875,0,0,0,0,0,0,0,0,1,1,0,0,0,0
3.570704250,0,0,0,0,0,0,0,0,0,1,0,0,0,0
3.570704313,0,0,0,0,0,0,0,0,1,1,0,0,0,0
3.570753438,0,0,0,0,0,0,0,0,0,1,0,0,0,0
3.570753500,0,0,0,0,0,0,0,0,1,1,0,0,0,0
3.570769813,0,0,0,0,0,0,0,0,0,1,0,0,0,0
3.570769875,0,0,0,0,0,0,0,0,1,1,0,0,0,0
3.570819188,0,0,0,0,0,0,0,0,0,1,0,0,0,0
3.570819250,0,0,0,0,0,0,0,0,1,1,0,0,0,0
3.570885125,0,0,0,0,0,0,0,0,0,1,0,0,0,0
3.570885188,0,0,0,0,0,0,0,0,1,1,0,0,0,0
3.570934812,0,0,0,0,0,0,0,0,0,1,0,0,0,0
3.570934875,0,0,0,0,0,0,0,0,1,1,0,0,0,0
3.571502750,0,0,0,0,0,0,0,0,0,1,0,0,0,0
3.571502812,0,0,0,0,0,0,0,0,1,1,0,0,0,0
3.571585875,0,0,0,0,0,0,0,0,0,1,0,0,0,0
3.571585938,0,0,0,0,0,0,0,0,1,1,0,0,0,0
3.571651812,0,0,0,0,0,0,0,0,0,1,0,0,0,0
3.571651875,0,0,0,0,0,0,0,0,1,1,0,0,0,0
3.571668375,0,0,0,0,0,0,0,0,0,0,0,0,0,0
3.571668438,0,0,0,0,0,0,0,0,1,1,0,0,0,0
3.571668687,0,0,0,0,0,0,0,0,0,1,0,0,0,0
3.571668750,0,0,0,0,0,0,0,0,1,1,0,0,0,0
3.571685250,0,0,0,0,0,0,0,0,0,0,0,0,0,0
3.571685313,0,0,0,0,0,0,0,0,1,1,0,0,0,0
3.571701500,0,0,0,0,0,0,0,0,0,0,0,0,0,0
3.571701562,0,0,0,0,0,0,0,0,1,1,0,0,0,0
3.571701750,0,0,0,0,0,0,0,0,0,0,0,0,0,0
3.571701812,0,0,0,0,0,0,0,0,1,1,0,0,0,0
3.571718000,0,0,0,0,0,0,0,0,0,1,0,0,0,0
3.571718063,0,0,0,0,0,0,0,0,1,1,0,0,0,0
3.571718250,0,0,0,0,0,0,0,0,0,0,0,0,0,0
3.571718312,0,0,0,0,0,0,0,0,1,1,0,0,0,0
3.571734437,0,0,0,0,0,0,0,0,0,0,0,0,0,0
3.571734500,0,0,0,0,0,0,0,0,1,1,0,0,0,0
3.571734687,0,0,0,0,0,0,0,0,0,0,0,0,0,0
3.571734750,0,0,0,0,0,0,0,0,1,1,0,0,0,0
3.571751187,0,0,0,0,0,0,0,0,0,1,0,0,0,0
3.571751250,0,0,0,0,0,0,0,0,1,1,0,0,0,0
3.571767375,0,0,0,0,0,0,0,0,0,0,0,0,0,0
3.571767438,0,0,0,0,0,0,0,0,1,1,0,0,0,0
3.571767625,0,0,0,0,0,0,0,0,0,0,0,0,0,0
3.571767687,0,0,0,0,0,0,0,0,1,1,0,0,0,0
3.571784125,0,0,0,0,0,0,0,0,0,1,0,0,0,0
3.571784188,0,0,0,0,0,0,0,0,1,1,0,0,0,0
3.571800562,0,0,0,0,0,0,0,0,0,0,0,0,0,0
3.571800625,0,0,0,0,0,0,0,0,1,1,0,0,0,0
3.571816750,0,0,0,0,0,0,0,0,0,0,0,0,0,0
3.571816812,0,0,0,0,0,0,0,0,1,1,0,0,0,0
3.571817000,0,0,0,0,0,0,0,0,0,0,0,0,0,0
3.571817063,0,0,0,0,0,0,0,0,1,1,0,0,0,0
3.571833187,0,0,0,0,0,0,0,0,0,0,0,0,0,0
3.571833250,0,0,0,0,0,0,0,0,1,1,0,0,0,0
3.571833438,0,0,0,0,0,0,0,0,0,0,0,0,0,0
3.571833500,0,0,0,0,0,0,0,0,1,1,0,0,0,0
3.571849563,0,0,0,0,0,0,0,0,0,0,0,0,0,0
3.571849625,0,0,0,0,0,0,0,0,1,1,0,0,0,0
3.571849812,0,0,0,0,0,0,0,0,0,0,0,0,0,0
3.571849875,0,0,0,0,0,0,0,0,1,1,0,0,0,0
3.571866187,0,0,0,0,0,0,0,0,0,1,0,0,0,0
3.571866250,0,0,0,0,0,0,0,0,1,1,0,0,0,0
3.571882250,0,0,0,0,0,0,0,0,0,0,0,0,0,0
3.571882313,0,0,0,0,0,0,0,0,1,1,0,0,0,0
3.571882500,0,0,0,0,0,0,0,0,0,0,0,0,0,0
3.571882562,0,0,0,0,0,0,0,0,1,1,0,0,0,0
3.571898625,0,0,0,0,0,0,0,0,0,0,0,0,0,0
3.571898688,0,0,0,0,0,0,0,0,1,1,0,0,0,0
3.571898875,0,0,0,0,0,0,0,0,0,0,0,0,0,0
3.571898937,0,0,0,0,0,0,0,0,1,1,0,0,0,0
3.571915000,0,0,0,0,0,0,0,0,0,0,0,0,0,0
3.571915063,0,0,0,0,0,0,0,0,1,1,0,0,0,0
3.571915250,0,0,0,0,0,0,0,0,0,0,0,0,0,0
3.571915312,0,0,0,0,0,0,0,0,1,1,0,0,0,0
3.571931375,0,0,0,0,0,0,0,0,0,0,0,0,0,0
3.571931437,0,0,0,0,0,0,0,0,1,1,0,0,0,0
3.571931625,0,0,0,0,0,0,0,0,0,0,0,0,0,0
3.571931687,0,0,0,0,0,0,0,0,1,1,0,0,0,0
3.571947750,0,0,0,0,0,0,0,0,0,0,0,0,0,0
3.571947812,0,0,0,0,0,0,0,0,1,1,0,0,0,0
3.571948000,0,0,0,0,0,0,0,0,0,0,0,0,0,0
3.571948063,0,0,0,0,0,0,0,0,1,1,0,0,0,0
3.571964375,0,0,0,0,0,0,0,0,0,1,0,0,0,0
3.571964438,0,0,0,0,0,0,0,0,1,1,0,0,0,0
3.571980375,0,0,0,0,0,0,0,0,0,0,0,0,0,0
3.571980438,0,0,0,0,0,0,0,0,1,1,0,0,0,0
3.571980625,0,0,0,0,0,0,0,0,0,0,0,0,0,0
3.571980687,0,0,0,0,0,0,0,0,1,1,0,0,0,0
3.571996937,0,0,0,0,0,0,0,0,0,1,0,0,0,0
3.571997000,0,0,0,0,0,0,0,0,1,1,0,0,0,0
3.572012937,0,0,0,0,0,0,0,0,0,1,0,0,0,0
3.572013000,0,0,0,0,0,0,0,0,1,1,0,0,0,0
3.572013188,0,0,0,0,0,0,0,0,0,0,0,0,0,0
3.572013250,0,0,0,0,0,0,0,0,1,1,0,0,0,0
3.572029188,0,0,0,0,0,0,0,0,0,0,0,0,0,0
3.572029250,0,0,0,0,0,0,0,0,1,1,0,0,0,0
3.572029437,0,0,0,0,0,0,0,0,0,0,0,0,0,0
3.572029500,0,0,0,0,0,0,0,0,1,1,0,0,0,0
3.572045437,0,0,0,0,0,0,0,0,0,1,0,0,0,0
3.572045500,0,0,0,0,0,0,0,0,1,1,0,0,0,0
3.572045688,0,0,0,0,0,0,0,0,0,0,0,0,0,0
3.572045750,0,0,0,0,0,0,0,0,1,1,0,0,0,0
3.572061688,0,0,0,0,0,0,0,0,0,1,0,0,0,0
3.572061750,0,0,0,0,0,0,0,0,1,1,0,0,0,0
3.572061938,0,0,0,0,0,0,0,0,0,0,0,0,0,0
3.572062000,0,0,0,0,0,0,0,0,1,1,0,0,0,0
3.572078250,0,0,0,0,0,0,0,0,0,1,0,0,0,0
3.572078312,0,0,0,0,0,0,0,0,1,1,0,0,0,0
3.572094500,0,0,0,0,0,0,0,0,0,1,0,0,0,0
3.572094562,0,0,0,0,0,0,0,0,1,1,0,0,0,0
3.572110687,0,0,0,0,0,0,0,0,0,1,0,0,0,0
3.572110750,0,0,0,0,0,0,0,0,1,1,0,0,0,0
3.572126813,0,0,0,0,0,0,0,0,0,1,0,0,0,0
3.572126875,0,0,0,0,0,0,0,0,1,1,0,0,0,0
3.572142750,0,0,0,0,0,0,0,0,0,1,0,0,0,0
3.572142813,0,0,0,0,0,0,0,0,1,1,0,0,0,0
3.572143000,0,0,0,0,0,0,0,0,0,0,0,0,0,0
3.572143062,0,0,0,0,0,0,0,0,1,1,0,0,0,0
3.572159188,0,0,0,0,0,0,0,0,0,0,0,0,0,0
3.572159250,0,0,0,0,0,0,0,0,1,1,0,0,0,0
3.572191250,0,0,0,0,0,0,0,0,0,1,0,0,0,0
3.572191313,0,0,0,0,0,0,0,0,1,1,0,0,0,0
3.572191500,0,0,0,0,0,0,0,0,0,0,0,0,0,0
3.572191563,0,0,0,0,0,0,0,0,1,1,0,0,0,0
3.572207688,0,0,0,0,0,0,0,0,0,1,0,0,0,0
3.572207750,0,0,0,0,0,0,0,0,1,1,0,0,0,0
3.572223563,0,0,0,0,0,0,0,0,0,1,0,0,0,0
3.572223625,0,0,0,0,0,0,0,0,1,1,0,0,0,0
3.572223812,0,0,0,0,0,0,0,0,0,0,0,0,0,0
3.572223875,0,0,0,0,0,0,0,0,1,1,0,0,0,0
3.572239625,0,0,0,0,0,0,0,0,0,1,0,0,0,0
3.572239688,0,0,0,0,0,0,0,0,1,1,0,0,0,0
3.572239875,0,0,0,0,0,0,0,0,0,1,0,0,0,0
3.572239938,0,0,0,0,0,0,0,0,1,1,0,0,0,0
3.572256000,0,0,0,0,0,0,0,0,0,1,0,0,0,0
3.572256063,0,0,0,0,0,0,0,0,1,1,0,0,0,0
3.572272063,0,0,0,0,0,0,0,0,0,1,0,0,0,0
3.572272125,0,0,0,0,0,0,0,0,1,1,0,0,0,0
3.572288125,0,0,0,0,0,0,0,0,0,0,0,0,0,0
3.572288187,0,0,0,0,0,0,0,0,1,1,0,0,0,0
3.572304187,0,0,0,0,0,0,0,0,0,0,0,0,0,0
3.572304250,0,0,0,0,0,0,0,0,1,1,0,0,0,0
3.572320000,0,0,0,0,0,0,0,0,0,1,0,0,0,0
3.572320062,0,0,0,0,0,0,0,0,1,1,0,0,0,0
3.572320250,0,0,0,0,0,0,0,0,0,0,0,0,0,0
3.572320313,0,0,0,0,0,0,0,0,1,1,0,0,0,0
3.572336313,0,0,0,0,0,0,0,0,0,1,0,0,0,0
3.572336375,0,0,0,0,0,0,0,0,1,1,0,0,0,0
3.572352375,0,0,0,0,0,0,0,0,0,1,0,0,0,0
3.572352438,0,0,0,0,0,0,0,0,1,1,0,0,0,0
3.572368313,0,0,0,0,0,0,0,0,0,1,0,0,0,0
3.572368375,0,0,0,0,0,0,0,0,1,1,0,0,0,0
3.572384062,0,0,0,0,0,0,0,0,0,1,0,0,0,0
3.572384125,0,0,0,0,0,0,0,0,1,1,0,0,0,0
3.572384313,0,0,0,0,0,0,0,0,0,1,0,0,0,0
3.572384375,0,0,0,0,0,0,0,0,1,1,0,0,0,0
3.572400313,0,0,0,0,0,0,0,0,0,1,0,0,0,0
3.572400375,0,0,0,0,0,0,0,0,1,1,0,0,0,0
3.572416000,0,0,0,0,0,0,0,0,0,1,0,0,0,0
3.572416062,0,0,0,0,0,0,0,0,1,1,0,0,0,0
3.572416250,0,0,0,0,0,0,0,0,0,1,0,0,0,0
3.572416313,0,0,0,0,0,0,0,0,1,1,0,0,0,0
3.572448188,0,0,0,0,0,0,0,0,0,1,0,0,0,0
3.572448250,0,0,0,0,0,0,0,0,1,1,0,0,0,0
3.572495688,0,0,0,0,0,0,0,0,0,1,0,0,0,0
3.572495750,0,0,0,0,0,0,0,0,1,1,0,0,0,0
3.572495937,0,0,0,0,0,0,0,0,0,1,0,0,0,0
3.572496000,0,0,0,0,0,0,0,0,1,1,0,0,0,0
3.572511813,0,0,0,0,0,0,0,0,0,1,0,0,0,0
3.572511875,0,0,0,0,0,0,0,0,1,1,0,0,0,0
3.572527688,0,0,0,0,0,0,0,0,0,1,0,0,0,0
3.572527750,0,0,0,0,0,0,0,0,1,1,0,0,0,0
3.572543562,0,0,0,0,0,0,0,0,0,1,0,0,0,0
3.572543625,0,0,0,0,0,0,0,0,1,1,0,0,0,0
3.572559437,0,0,0,0,0,0,0,0,0,1,0,0,0,0
3.572559500,0,0,0,0,0,0,0,0,1,1,0,0,0,0
3.572575313,0,0,0,0,0,0,0,0,0,1,0,0,0,0
3.572575375,0,0,0,0,0,0,0,0,1,1,0,0,0,0
3.572591188,0,0,0,0,0,0,0,0,0,1,0,0,0,0
3.572591250,0,0,0,0,0,0,0,0,1,1,0,0,0,0
3.572638562,0,0,0,0,0,0,0,0,0,1,0,0,0,0
3.572638625,0,0,0,0,0,0,0,0,1,1,0,0,0,0
3.572654313,0,0,0,0,0,0,0,0,0,1,0,0,0,0
3.572654375,0,0,0,0,0,0,0,0,1,1,0,0,0,0
3.572701625,0,0,0,0,0,0,0,0,0,1,0,0,0,0
3.572701687,0,0,0,0,0,0,0,0,1,1,0,0,0,0
3.572733125,0,0,0,0,0,0,0,0,0,1,0,0,0,0
3.572733187,0,0,0,0,0,0,0,0,1,1,0,0,0,0
3.572780125,0,0,0,0,0,0,0,0,0,1,0,0,0,0
3.572780187,0,0,0,0,0,0,0,0,1,1,0,0,0,0
3.572842812,0,0,0,0,0,0,0,0,0,1,0,0,0,0
3.572842875,0,0,0,0,0,0,0,0,1,1,0,0,0,0
3.573582062,0,0,0,0,1,0,0,0,1,1,0,0,0,0
3.573630313,0,0,0,0,1,1,0,0,1,1,0,0,0,0
3.573750062,0,0,0,0,1,1,1,0,1,1,0,0,0,0
3.574336688,0,0,0,1,1,1,1,0,1,1,0,0,0,0
3.574342750,0,0,0,1,1,1,1,0,1,1,0,0,0,1
3.574398625,0,0,0,1,1,1,1,0,1,1,1,0,0,1
3.574404938,1,0,0,1,1,1,1,0,1,1,1,0,0,1
3.574818750,1,0,0,1,1,1,1,1,1,1,1,0,0,1
3.574895688,1,0,0,1,1,1,1,1,1,1,1,0,1,1
3.574895750,1,0,1,1,1,1,1,1,1,1,1,0,1,1
3.574903125,1,0,1,1,1,1,1,1,1,1,1,1,1,1
3.575023500,1,1,1,1,1,1,1,1,1,1,1,1,1,1
4.682571187,1,1,1,1,1,1,1,1,1,1,0,1,1,1
4.682659875,1,1,1,1,1,1,1,1,1,0,0,1,1,1
4.682702875,1,1,0,1,0,1,1,1,1,0,0,1,1,1
4.682705688,1,1,0,1,0,1,1,1,1,0,0,1,0,1
4.682708687,1,1,0,1,0,1,1,1,1,0,0,0,0,1
4.682714250,1,1,0,1,0,1,1,1,1,1,0,0,0,1
4.682714375,1,1,0,1,0,1,1,1,1,1,0,0,1,1
4.682717375,1,1,0,1,0,1,1,1,1,0,0,0,1,1
4.682718937,1,1,0,1,0,1,1,1,1,0,0,1,1,1
7.153150437,0,1,0,1,1,0,1,1,1,0,0,1,1,1
7.153153312,0,1,0,1,1,0,1,1,1,0,0,1,0,1
7.153159375,0,1,0,1,1,0,1,1,1,0,0,0,0,1
7.153168313,0,1,0,1,1,0,1,1,1,1,0,0,0,1
7.153168500,0,1,0,1,1,0,1,1,1,1,0,0,1,1
7.153172000,0,1,0,1,1,0,1,1,1,0,0,0,1,1
7.153173500,0,1,0,1,1,0,1,1,1,0,0,1,1,1
7.154388375,0,1,0,1,1,0,1,1,1,0,1,1,1,1
7.154419000,0,1,1,1,1,0,1,1,1,0,1,1,1,1
7.154419062,0,1,1,1,1,1,1,1,1,0,1,1,1,1
7.154422187,0,1,1,1,1,1,1,1,1,0,1,1,0,1
7.154425938,0,1,1,1,1,1,1,1,1,0,1,0,0,1
7.154430500,0,1,1,1,1,1,1,1,1,1,1,0,0,1
7.154430625,0,1,1,1,1,1,1,1,1,1,1,0,1,1
7.154431250,1,1,1,1,1,1,1,1,1,1,1,0,1,1
7.154433500,1,1,1,1,1,1,1,1,1,0,1,0,1,1
7.154434688,1,1,1,1,1,1,1,1,1,0,1,1,1,1
7.154434875,1,1,1,1,1,1,1,1,1,0,1,1,0,1
7.154469938,1,1,1,1,1,1,1,1,1,0,1,0,0,1
7.154474187,1,1,1,1,1,1,1,1,1,1,1,0,0,1
7.154474375,1,1,1,1,1,1,1,1,1,1,1,0,1,1
7.154477500,1,1,1,1,1,1,1,1,1,0,1,0,1,1
7.154478562,1,1,1,1,1,1,1,1,1,0,1,1,1,1
7.154478750,1,1,1,1,1,1,1,1,1,0,1,1,0,1
7.154558000,1,1,1,1,1,1,1,1,1,0,1,0,0,1
7.154565625,1,1,1,1,1,1,1,1,1,1,1,0,0,1
7.154565812,1,1,1,1,1,1,1,1,1,1,1,0,1,1
7.154568875,1,1,1,1,1,1,1,1,1,0,1,0,1,1
7.154570125,1,1,1,1,1,1,1,1,1,0,1,1,1,1
7.154570312,1,1,1,1,1,1,1,1,1,0,1,1,0,1
7.154582375,1,1,1,1,1,1,1,1,1,0,1,0,0,1
7.154586062,1,1,1,1,1,1,1,1,1,1,1,0,0,1
7.154586187,1,1,1,1,1,1,1,1,1,1,1,0,1,1
7.154589188,1,1,1,1,1,1,1,1,1,0,1,0,1,1
7.154590188,1,1,1,1,1,1,1,1,1,0,1,1,1,1
7.154590312,1,1,1,1,1,1,1,1,1,0,1,1,0,1
7.154593750,1,1,1,1,1,1,1,1,1,0,1,0,0,1
7.154597188,1,1,1,1,1,1,1,1,1,1,1,0,0,1
7.154597312,1,1,1,1,1,1,1,1,1,1,1,0,1,1
7.154600125,1,1,1,1,1,1,1,1,1,0,1,0,1,1
7.154601063,1,1,1,1,1,1,1,1,1,0,1,1,1,1
7.154601250,1,1,1,1,1,1,1,1,1,0,1,1,0,1
7.154609250,1,1,1,1,1,1,1,1,1,0,1,0,0,1
7.154612688,1,1,1,1,1,1,1,1,1,1,1,0,0,1
7.154612875,1,1,1,1,1,1,1,1,1,1,1,0,1,1
7.154615687,1,1,1,1,1,1,1,1,1,0,1,0,1,1
7.154616687,1,1,1,1,1,1,1,1,1,0,1,1,1,1
7.154616875,1,1,1,1,1,1,1,1,1,0,1,1,0,1
7.154620250,1,1,1,1,1,1,1,1,1,0,1,0,0,1
7.154623625,1,1,1,1,1,1,1,1,1,1,1,0,0,1
7.154623812,1,1,1,1,1,1,1,1,1,1,1,0,1,1
7.154624437,1,1,0,1,0,0,1,1,1,1,1,0,1,1
7.154626625,1,1,0,1,0,0,1,1,1,0,1,0,1,1
7.154627562,1,1,0,1,0,0,1,1,1,0,1,1,1,1
7.154627750,1,1,0,1,0,0,1,1,1,0,1,1,0,1
7.154630688,1,1,0,1,0,0,1,1,1,0,1,0,0,1
7.154634062,1,1,0,1,0,0,1,1,1,1,1,0,0,1
7.154634188,1,1,0,1,0,0,1,1,1,1,1,0,1,1
7.154634813,1,1,1,1,1,1,1,1,1,1,1,0,1,1
7.154637000,1,1,1,1,1,1,1,1,1,0,1,0,1,1
7.154637938,1,1,1,1,1,1,1,1,1,0,1,1,1,1
7.154638125,1,1,1,1,1,1,1,1,1,0,1,1,0,1
7.154641062,1,1,1,1,1,1,1,1,1,0,1,0,0,1
7.154644438,1,1,1,1,1,1,1,1,1,1,1,0,0,1
7.154644625,1,1,1,1,1,1,1,1,1,1,1,0,1,1
7.154647438,1,1,1,1,1,1,1,1,1,0,1,0,1,1
7.154648375,1,1,1,1,1,1,1,1,1,0,1,1,1,1
7.155726000,1,1,1,1,1,1,1,1,1,0,1,1,1,0
7.155728875,1,1,1,1,1,1,1,1,1,0,1,1,0,0
7.155733125,1,1,1,1,1,1,1,1,1,0,1,0,0,0
7.155738562,1,1,1,1,1,1,1,1,1,1,1,0,0,0
7.155738750,1,1,1,1,1,1,1,1,1,1,1,0,1,0
7.155741687,1,1,1,1,1,1,1,1,1,0,1,0,1,0
7.155741812,1,1,1,1,1,1,1,1,1,0,0,0,1,0
7.155741875,1,1,1,1,1,1,1,1,1,0,0,0,1,1
7.155742750,1,1,1,1,1,1,1,1,1,0,0,1,1,1
7.155765000,0,0,0,0,0,0,1,1,1,0,0,1,1,1
7.155767875,0,0,0,0,0,0,1,1,1,0,0,1,0,1
7.155769812,0,0,0,0,0,0,1,1,1,0,0,0,0,1
7.155773250,0,0,0,0,0,0,1,1,1,1,0,0,0,1
7.155773437,0,0,0,0,0,0,1,1,1,1,0,0,1,1
7.155775875,0,0,0,0,0,0,1,1,1,0,0,0,1,1
7.155776875,0,0,0,0,0,0,1,1,1,0,0,1,1,1
7.157613813,0,1,0,1,1,1,0,1,1,0,0,1,1,1
7.157616688,0,1,0,1,1,1,0,1,1,0,0,1,0,1
7.157622938,0,1,0,1,1,1,0,1,1,0,0,0,0,1
7.157630187,0,1,0,1,1,1,0,1,1,1,0,0,0,1
7.157630375,0,1,0,1,1,1,0,1,1,1,0,0,1,1
7.157633563,0,1,0,1,1,1,0,1,1,0,0,0,1,1
7.157634938,0,1,0,1,1,1,0,1,1,0,0,1,1,1
7.158450375,0,1,0,1,1,1,0,1,1,0,1,1,1,1
7.158450437,0,1,0,1,1,1,0,1,1,0,1,0,1,1
7.158450500,1,1,1,1,1,1,0,1,1,0,1,0,1,1
7.158450562,1,1,1,1,1,1,1,1,1,0,1,1,1,1
7.158503750,1,1,1,1,1,1,1,1,1,0,1,1,0,1
7.158503875,1,1,1,1,1,1,1,1,1,0,1,0,0,1
7.158505625,1,1,1,1,1,1,1,1,1,1,1,0,0,1
7.158515625,1,1,1,1,1,1,1,1,1,1,1,0,1,1
7.158515813,1,1,1,1,1,1,1,1,1,0,1,0,1,1
7.158900437,1,1,1,1,1,1,1,1,1,0,1,1,1,1
7.158942125,1,0,1,1,1,1,1,1,1,0,1,1,1,1
7.158960562,1,0,1,1,1,1,1,1,1,0,1,1,0,1
7.158960687,1,0,1,1,1,1,1,1,1,0,1,0,0,1
7.158961438,1,0,1,1,1,1,1,1,1,1,1,0,0,1
7.158971562,1,0,1,1,1,1,1,1,1,1,1,0,1,1
7.158971750,1,0,1,1,1,1,1,1,1,0,1,0,1,1
7.158971875,1,0,1,1,1,1,1,1,1,0,1,1,1,1
7.158991500,1,1,1,1,1,1,1,1,1,0,1,1,1,1
7.158992937,1,1,1,0,1,1,1,1,1,0,1,1,1,1
7.158993687,1,1,1,0,0,1,1,1,1,0,1,1,1,1
7.158994437,1,1,1,0,0,0,1,1,1,0,1,1,1,1
7.158995188,1,1,1,0,0,0,0,1,1,0,1,1,1,1
7.158995938,1,1,1,0,0,0,0,0,1,0,1,1,1,1
7.159008437,1,1,1,0,0,0,0,0,1,0,1,1,0,1
7.159008563,1,1,1,0,0,0,0,0,1,0,1,0,0,1
7.159009250,1,1,1,0,0,0,0,0,1,1,1,0,0,1
7.159018563,1,1,1,0,0,0,0,0,1,1,1,0,1,1
7.159018750,1,1,1,0,0,0,0,0,1,0,1,0,1,1
7.159018875,1,1,1,0,0,0,0,0,1,0,1,1,1,1
7.159034562,0,1,1,0,0,0,0,0,1,0,1,1,1,1
7.159037438,0,1,1,1,0,0,0,0,1,0,1,1,1,1
7.159038250,0,1,1,1,1,0,0,0,1,0,1,1,1,1
7.159039062,0,1,1,1,1,1,0,0,1,0,1,1,1,1
7.159039875,0,1,1,1,1,1,1,0,1,0,1,1,1,1
7.159040625,0,1,1,1,1,1,1,1,1,0,1,1,1,1
7.159052437,0,1,1,1,1,1,1,1,1,0,1,1,0,1
7.159052563,0,1,1,1,1,1,1,1,1,0,1,0,0,1
7.159053250,0,1,1,1,1,1,1,1,1,1,1,0,0,1
7.159062625,0,1,1,1,1,1,1,1,1,1,1,0,1,1
7.159062813,0,1,1,1,1,1,1,1,1,0,1,0,1,1
7.159062937,0,1,1,1,1,1,1,1,1,0,1,1,1,1
7.159078938,1,1,1,1,1,1,1,1,1,0,1,1,1,1
7.159082125,1,1,1,1,0,1,1,1,1,0,1,1,1,1
7.159083750,1,1,1,1,0,1,0,1,1,0,1,1,1,1
7.159084500,1,1,1,1,0,1,0,0,1,0,1,1,1,1
7.159096437,1,1,1,1,0,1,0,0,1,0,1,1,0,1
7.159096563,1,1,1,1,0,1,0,0,1,0,1,0,0,1
7.159097250,1,1,1,1,0,1,0,0,1,1,1,0,0,1
7.159106500,1,1,1,1,0,1,0,0,1,1,1,0,1,1
7.159106687,1,1,1,1,0,1,0,0,1,0,1,0,1,1
7.159106875,1,1,1,1,0,1,0,0,1,0,1,1,1,1
7.159123875,1,0,1,1,0,1,0,0,1,0,1,1,1,1
7.159126438,1,0,1,1,1,1,0,0,1,0,1,1,1,1
7.159128062,1,0,1,1,1,1,1,0,1,0,1,1,1,1
7.159128812,1,0,1,1,1,1,1,1,1,0,1,1,1,1
7.159140437,1,0,1,1,1,1,1,1,1,0,1,1,0,1
7.159140563,1,0,1,1,1,1,1,1,1,0,1,0,0,1
7.159141250,1,0,1,1,1,1,1,1,1,1,1,0,0,1
7.159150562,1,0,1,1,1,1,1,1,1,1,1,0,1,1
7.159150750,1,0,1,1,1,1,1,1,1,0,1,0,1,1
7.159150875,1,0,1,1,1,1,1,1,1,0,1,1,1,1
7.159166500,0,0,1,1,1,1,1,1,1,0,1,1,1,1
7.159167563,0,1,1,1,1,1,1,1,1,0,1,1,1,1
7.159184438,0,1,1,1,1,1,1,1,1,0,1,1,0,1
7.159184563,0,1,1,1,1,1,1,1,1,0,1,0,0,1
7.159185188,0,1,1,1,1,1,1,1,1,1,1,0,0,1
7.159195562,0,1,1,1,1,1,1,1,1,1,1,0,1,1
7.159195750,0,1,1,1,1,1,1,1,1,0,1,0,1,1
7.159195875,0,1,1,1,1,1,1,1,1,0,1,1,1,1
7.159387625,1,1,1,1,1,1,1,1,1,0,1,1,1,1
7.159392500,1,1,1,1,1,0,1,1,1,0,1,1,1,1
7.159407687,1,1,1,1,1,0,1,1,1,0,1,1,0,1
7.159407812,1,1,1,1,1,0,1,1,1,0,1,0,0,1
7.159408375,1,1,1,1,1,0,1,1,1,1,1,0,0,1
7.159418687,1,1,1,1,1,0,1,1,1,1,1,0,1,1
7.159418813,1,1,1,1,1,0,1,1,1,0,1,0,1,1
7.159419000,1,1,1,1,1,0,1,1,1,0,1,1,1,1
7.159434812,0,1,1,1,1,0,1,1,1,0,1,1,1,1
7.159472500,0,1,1,1,1,1,1,1,1,0,1,1,1,1
7.159486438,0,1,1,1,1,1,1,1,1,0,1,1,0,1
7.159486562,0,1,1,1,1,1,1,1,1,0,1,0,0,1
7.159487187,0,1,1,1,1,1,1,1,1,1,1,0,0,1
7.159497563,0,1,1,1,1,1,1,1,1,1,1,0,1,1
7.159497750,0,1,1,1,1,1,1,1,1,0,1,0,1,1
7.159497938,0,1,1,1,1,1,1,1,1,0,1,1,1,1
7.159519438,0,1,1,1,1,0,1,1,1,0,1,1,1,1
7.159533438,0,1,1,1,1,0,1,1,1,0,1,1,0,1
7.159533563,0,1,1,1,1,0,1,1,1,0,1,0,0,1
7.159534188,0,1,1,1,1,0,1,1,1,1,1,0,0,1
7.159543625,0,1,1,1,1,0,1,1,1,1,1,0,1,1
7.159543750,0,1,1,1,1,0,1,1,1,0,1,0,1,1
7.159543937,0,1,1,1,1,0,1,1,1,0,1,1,1,1
7.159566625,0,1,1,1,1,1,1,1,1,0,1,1,1,1
7.159580437,0,1,1,1,1,1,1,1,1,0,1,1,0,1
7.159580500,0,1,1,1,1,1,1,1,1,0,1,0,0,1
7.159581187,0,1,1,1,1,1,1,1,1,1,1,0,0,1
7.159590625,0,1,1,1,1,1,1,1,1,1,1,0,1,1
7.159590813,0,1,1,1,1,1,1,1,1,0,1,0,1,1
7.159590937,0,1,1,1,1,1,1,1,1,0,1,1,1,1
7.159625500,0,1,1,1,1,1,1,1,1,0,1,1,0,1
7.159625625,0,1,1,1,1,1,1,1,1,0,1,0,0,1
7.159626375,0,1,1,1,1,1,1,1,1,1,1,0,0,1
7.159635562,0,1,1,1,1,1,1,1,1,1,1,0,1,1
7.159635750,0,1,1,1,1,1,1,1,1,0,1,0,1,1
7.159635875,0,1,1,1,1,1,1,1,1,0,1,1,1,1
7.159651625,1,1,1,1,1,1,1,1,1,0,1,1,1,1
7.159669437,1,1,1,1,1,1,1,1,1,0,1,1,0,1
7.159669563,1,1,1,1,1,1,1,1,1,0,1,0,0,1
7.159670187,1,1,1,1,1,1,1,1,1,1,1,0,0,1
7.159679625,1,1,1,1,1,1,1,1,1,1,1,0,1,1
7.159679750,1,1,1,1,1,1,1,1,1,0,1,0,1,1
7.159679937,1,1,1,1,1,1,1,1,1,0,1,1,1,1
7.159713437,1,1,1,1,1,1,1,1,1,0,1,1,0,1
7.159713500,1,1,1,1,1,1,1,1,1,0,1,0,0,1
7.159714187,1,1,1,1,1,1,1,1,1,1,1,0,0,1
7.159723562,1,1,1,1,1,1,1,1,1,1,1,0,1,1
7.159723750,1,1,1,1,1,1,1,1,1,0,1,0,1,1
7.159723875,1,1,1,1,1,1,1,1,1,0,1,1,1,1
7.159741438,1,1,0,1,1,1,1,1,1,0,1,1,1,1
7.159743062,1,1,0,1,0,1,1,1,1,0,1,1,1,1
7.159743813,1,1,0,1,0,0,1,1,1,0,1,1,1,1
7.159757375,1,1,0,1,0,0,1,1,1,0,1,1,0,1
7.159757500,1,1,0,1,0,0,1,1,1,0,1,0,0,1
7.159758187,1,1,0,1,0,0,1,1,1,1,1,0,0,1
7.159767500,1,1,0,1,0,0,1,1,1,1,1,0,1,1
7.159767687,1,1,0,1,0,0,1,1,1,0,1,0,1,1
7.159767813,1,1,0,1,0,0,1,1,1,0,1,1,1,1
7.159785313,1,1,1,1,0,0,1,1,1,0,1,1,1,1
7.159785937,1,1,1,0,0,0,1,1,1,0,1,1,1,1
7.159801437,1,1,1,0,0,0,1,1,1,0,1,1,0,1
7.159801563,1,1,1,0,0,0,1,1,1,0,1,0,0,1
7.159802125,1,1,1,0,0,0,1,1,1,1,1,0,0,1
7.159812063,1,1,1,0,0,0,1,1,1,1,1,0,1,1
7.159812250,1,1,1,0,0,0,1,1,1,0,1,0,1,1
7.159812375,1,1,1,0,0,0,1,1,1,0,1,1,1,1
7.159830312,1,1,1,1,0,0,1,1,1,0,1,1,1,1
7.159831125,1,1,1,1,1,0,1,1,1,0,1,1,1,1
7.159845500,1,1,1,1,1,0,1,1,1,0,1,1,0,1
7.159845625,1,1,1,1,1,0,1,1,1,0,1,0,0,1
7.159846375,1,1,1,1,1,0,1,1,1,1,1,0,0,1
7.159855500,1,1,1,1,1,0,1,1,1,1,1,0,1,1
7.159855688,1,1,1,1,1,0,1,1,1,0,1,0,1,1
7.159855813,1,1,1,1,1,0,1,1,1,0,1,1,1,1
7.159873625,1,1,0,1,1,0,1,1,1,0,1,1,1,1
7.159875187,1,1,0,1,0,0,1,1,1,0,1,1,1,1
7.159876188,1,1,0,1,0,1,1,1,1,0,1,1,1,1
7.159876750,1,1,0,1,0,1,0,1,1,0,1,1,1,1
7.159889438,1,1,0,1,0,1,0,1,1,0,1,1,0,1
7.159889500,1,1,0,1,0,1,0,1,1,0,1,0,0,1
7.159890125,1,1,0,1,0,1,0,1,1,1,1,0,0,1
7.159899562,1,1,0,1,0,1,0,1,1,1,1,0,1,1
7.159899750,1,1,0,1,0,1,0,1,1,0,1,0,1,1
7.159899875,1,1,0,1,0,1,0,1,1,0,1,1,1,1
7.159917375,1,1,1,1,0,1,0,1,1,0,1,1,1,1
7.159933438,1,1,1,1,0,1,0,1,1,0,1,1,0,1
7.159933563,1,1,1,1,0,1,0,1,1,0,1,0,0,1
7.159934125,1,1,1,1,0,1,0,1,1,1,1,0,0,1
7.159944562,1,1,1,1,0,1,0,1,1,1,1,0,1,1
7.159944750,1,1,1,1,0,1,0,1,1,0,1,0,1,1
7.159944875,1,1,1,1,0,1,0,1,1,0,1,1,1,1
7.159960500,0,1,1,1,0,1,0,1,1,0,1,1,1,1
7.159963063,0,1,1,0,0,1,0,1,1,0,1,1,1,1
7.159964000,0,1,1,0,1,1,0,1,1,0,1,1,1,1
7.159978438,0,1,1,0,1,1,0,1,1,0,1,1,0,1
7.159978500,0,1,1,0,1,1,0,1,1,0,1,0,0,1
7.159979125,0,1,1,0,1,1,0,1,1,1,1,0,0,1
7.159988625,0,1,1,0,1,1,0,1,1,1,1,0,1,1
7.159988812,0,1,1,0,1,1,0,1,1,0,1,0,1,1
7.159988937,0,1,1,0,1,1,0,1,1,0,1,1,1,1
7.160005187,1,1,1,0,1,1,0,1,1,0,1,1,1,1
7.160007625,1,1,1,1,1,1,0,1,1,0,1,1,1,1
7.160009063,1,1,1,1,1,0,0,1,1,0,1,1,1,1
7.160010062,1,1,1,1,1,0,1,1,1,0,1,1,1,1
7.160022500,1,1,1,1,1,0,1,1,1,0,1,1,0,1
7.160022625,1,1,1,1,1,0,1,1,1,0,1,0,0,1
7.160023312,1,1,1,1,1,0,1,1,1,1,1,0,0,1
7.160032562,1,1,1,1,1,0,1,1,1,1,1,0,1,1
7.160032750,1,1,1,1,1,0,1,1,1,0,1,0,1,1
7.160032875,1,1,1,1,1,0,1,1,1,0,1,1,1,1
7.160050125,1,1,0,1,1,0,1,1,1,0,1,1,1,1
7.160052688,1,1,0,1,1,1,1,1,1,0,1,1,1,1
7.160053312,1,1,0,1,1,1,0,1,1,0,1,1,1,1
7.160066562,1,1,0,1,1,1,0,1,1,0,1,1,0,1
7.160066687,1,1,0,1,1,1,0,1,1,0,1,0,0,1
7.160067312,1,1,0,1,1,1,0,1,1,1,1,0,0,1
7.160076562,1,1,0,1,1,1,0,1,1,1,1,0,1,1
7.160076688,1,1,0,1,1,1,0,1,1,0,1,0,1,1
7.160076875,1,1,0,1,1,1,0,1,1,0,1,1,1,1
7.160092500,0,1,0,1,1,1,0,1,1,0,1,1,1,1
7.160093312,0,0,0,1,1,1,0,1,1,0,1,1,1,1
7.160094313,0,0,1,1,1,1,0,1,1,0,1,1,1,1
7.160095750,0,0,1,1,0,1,0,1,1,0,1,1,1,1
7.160110375,0,0,1,1,0,1,0,1,1,0,1,1,0,1
7.160110500,0,0,1,1,0,1,0,1,1,0,1,0,0,1
7.160111125,0,0,1,1,0,1,0,1,1,1,1,0,0,1
7.160120563,0,0,1,1,0,1,0,1,1,1,1,0,1,1
7.160120750,0,0,1,1,0,1,0,1,1,0,1,0,1,1
7.160120875,0,0,1,1,0,1,0,1,1,0,1,1,1,1
7.160137062,1,0,1,1,0,1,0,1,1,0,1,1,1,1
7.160138000,1,1,1,1,0,1,0,1,1,0,1,1,1,1
7.160140375,1,1,1,1,1,1,0,1,1,0,1,1,1,1
7.160140937,1,1,1,1,1,0,0,1,1,0,1,1,1,1
7.160142000,1,1,1,1,1,0,1,1,1,0,1,1,1,1
7.160154438,1,1,1,1,1,0,1,1,1,0,1,1,0,1
7.160154562,1,1,1,1,1,0,1,1,1,0,1,0,0,1
7.160155312,1,1,1,1,1,0,1,1,1,1,1,0,0,1
7.160164625,1,1,1,1,1,0,1,1,1,1,1,0,1,1
7.160164812,1,1,1,1,1,0,1,1,1,0,1,0,1,1
7.160164938,1,1,1,1,1,0,1,1,1,0,1,1,1,1
7.160182188,1,1,0,1,1,0,1,1,1,0,1,1,1,1
7.160184750,1,1,0,1,1,1,1,1,1,0,1,1,1,1
7.160186500,1,1,0,1,1,1,0,1,1,0,1,1,1,1
7.160199438,1,1,0,1,1,1,0,1,1,0,1,1,0,1
7.160199500,1,1,0,1,1,1,0,1,1,0,1,0,0,1
7.160200125,1,1,0,1,1,1,0,1,1,1,1,0,0,1
7.160209563,1,1,0,1,1,1,0,1,1,1,1,0,1,1
7.160209750,1,1,0,1,1,1,0,1,1,0,1,0,1,1
7.160209938,1,1,0,1,1,1,0,1,1,0,1,1,1,1
7.160243438,1,1,0,1,1,1,0,1,1,0,1,1,0,1
7.160243562,1,1,0,1,1,1,0,1,1,0,1,0,0,1
7.160244312,1,1,0,1,1,1,0,1,1,1,1,0,0,1
7.160370125,1,1,0,1,1,1,0,1,1,1,1,0,1,1
7.160370312,1,1,0,1,1,1,0,1,1,0,1,0,1,1
7.160370500,1,1,0,1,1,1,0,1,1,0,1,1,1,1
7.160394812,1,1,1,1,1,1,0,1,1,0,1,1,1,1
7.160397125,1,1,1,1,1,0,0,1,1,0,1,1,1,1
7.160398125,1,1,1,1,1,0,1,1,1,0,1,1,1,1
7.160411500,1,1,1,1,1,0,1,1,1,0,1,1,0,1
7.160411625,1,1,1,1,1,0,1,1,1,0,1,0,0,1
7.160412313,1,1,1,1,1,0,1,1,1,1,1,0,0,1
7.160421562,1,1,1,1,1,0,1,1,1,1,1,0,1,1
7.160421750,1,1,1,1,1,0,1,1,1,0,1,0,1,1
7.160421875,1,1,1,1,1,0,1,1,1,0,1,1,1,1
7.160440813,1,0,1,1,1,0,1,1,1,0,1,1,1,1
7.160441562,1,0,0,1,1,0,1,1,1,0,1,1,1,1
7.160444187,1,0,0,1,1,1,1,1,1,0,1,1,1,1
7.160444812,1,0,0,1,1,1,0,1,1,0,1,1,1,1
7.160458562,1,0,0,1,1,1,0,1,1,0,1,1,0,1
7.160458625,1,0,0,1,1,1,0,1,1,0,1,0,0,1
7.160459312,1,0,0,1,1,1,0,1,1,1,1,0,0,1
7.160468625,1,0,0,1,1,1,0,1,1,1,1,0,1,1
7.160468750,1,0,0,1,1,1,0,1,1,0,1,0,1,1
7.160468938,1,0,0,1,1,1,0,1,1,0,1,1,1,1
7.160486000,1,1,0,1,1,1,0,1,1,0,1,1,1,1
7.160487375,1,1,0,0,1,1,0,1,1,0,1,1,1,1
7.160502500,1,1,0,0,1,1,0,1,1,0,1,1,0,1
7.160502625,1,1,0,0,1,1,0,1,1,0,1,0,0,1
7.160503313,1,1,0,0,1,1,0,1,1,1,1,0,0,1
7.160512563,1,1,0,0,1,1,0,1,1,1,1,0,1,1
7.160512750,1,1,0,0,1,1,0,1,1,0,1,0,1,1
7.160512938,1,1,0,0,1,1,0,1,1,0,1,1,1,1
7.160528500,0,1,0,0,1,1,0,1,1,0,1,1,1,1
7.160529312,0,0,0,0,1,1,0,1,1,0,1,1,1,1
7.160546437,0,0,0,0,1,1,0,1,1,0,1,1,0,1
7.160546500,0,0,0,0,1,1,0,1,1,0,1,0,0,1
7.160547313,0,0,0,0,1,1,0,1,1,1,1,0,0,1
7.160556563,0,0,0,0,1,1,0,1,1,1,1,0,1,1
7.160556750,0,0,0,0,1,1,0,1,1,0,1,0,1,1
7.160556875,0,0,0,0,1,1,0,1,1,0,1,1,1,1
7.160573438,1,0,0,0,1,1,0,1,1,0,1,1,1,1
7.160574312,1,1,0,0,1,1,0,1,1,0,1,1,1,1
7.160575125,1,1,1,0,1,1,0,1,1,0,1,1,1,1
7.160575937,1,1,1,1,1,1,0,1,1,0,1,1,1,1
7.160576563,1,1,1,1,0,1,0,1,1,0,1,1,1,1
7.160591500,1,1,1,1,0,1,0,1,1,0,1,1,0,1
7.160591625,1,1,1,1,0,1,0,1,1,0,1,0,0,1
7.160592250,1,1,1,1,0,1,0,1,1,1,1,0,0,1
7.160601563,1,1,1,1,0,1,0,1,1,1,1,0,1,1
7.160601750,1,1,1,1,0,1,0,1,1,0,1,0,1,1
7.160601875,1,1,1,1,0,1,0,1,1,0,1,1,1,1
7.160635437,1,1,1,1,0,1,0,1,1,0,1,1,0,1
7.160635563,1,1,1,1,0,1,0,1,1,0,1,0,0,1
7.160636250,1,1,1,1,0,1,0,1,1,1,1,0,0,1
7.160645563,1,1,1,1,0,1,0,1,1,1,1,0,1,1
7.160645750,1,1,1,1,0,1,0,1,1,0,1,0,1,1
7.160645938,1,1,1,1,0,1,0,1,1,0,1,1,1,1
7.160661625,0,1,1,1,0,1,0,1,1,0,1,1,1,1
7.160664063,0,1,1,0,0,1,0,1,1,0,1,1,1,1
7.160679437,0,1,1,0,0,1,0,1,1,0,1,1,0,1
7.160679563,0,1,1,0,0,1,0,1,1,0,1,0,0,1
7.160680250,0,1,1,0,0,1,0,1,1,1,1,0,0,1
7.160689813,0,1,1,0,0,1,0,1,1,1,1,0,1,1
7.160690000,0,1,1,0,0,1,0,1,1,0,1,0,1,1
7.160690188,0,1,1,0,0,1,0,1,1,0,1,1,1,1
7.160706125,1,1,1,0,0,1,0,1,1,0,1,1,1,1
7.160708562,1,1,1,1,0,1,0,1,1,0,1,1,1,1
7.160709375,1,1,1,1,1,1,0,1,1,0,1,1,1,1
7.160709938,1,1,1,1,1,0,0,1,1,0,1,1,1,1
7.160711000,1,1,1,1,1,0,1,1,1,0,1,1,1,1
7.160724500,1,1,1,1,1,0,1,1,1,0,1,1,0,1
7.160724562,1,1,1,1,1,0,1,1,1,0,1,0,0,1
7.160725250,1,1,1,1,1,0,1,1,1,1,1,0,0,1
7.160734563,1,1,1,1,1,0,1,1,1,1,1,0,1,1
7.160734750,1,1,1,1,1,0,1,1,1,0,1,0,1,1
7.160734875,1,1,1,1,1,0,1,1,1,0,1,1,1,1
7.160768437,1,1,1,1,1,0,1,1,1,0,1,1,0,1
7.160768563,1,1,1,1,1,0,1,1,1,0,1,0,0,1
7.160769250,1,1,1,1,1,0,1,1,1,1,1,0,0,1
7.160778625,1,1,1,1,1,0,1,1,1,1,1,0,1,1
7.160778750,1,1,1,1,1,0,1,1,1,0,1,0,1,1
7.160778937,1,1,1,1,1,0,1,1,1,0,1,1,1,1
7.160812687,1,1,1,1,1,0,1,1,1,0,1,1,0,1
7.160812812,1,1,1,1,1,0,1,1,1,0,1,0,0,1
7.160813437,1,1,1,1,1,0,1,1,1,1,1,0,0,1
7.160822562,1,1,1,1,1,0,1,1,1,1,1,0,1,1
7.160822687,1,1,1,1,1,0,1,1,1,0,1,0,1,1
7.160822875,1,1,1,1,1,0,1,1,1,0,1,1,1,1
7.160856437,1,1,1,1,1,0,1,1,1,0,1,1,0,1
7.160856563,1,1,1,1,1,0,1,1,1,0,1,0,0,1
7.160857250,1,1,1,1,1,0,1,1,1,1,1,0,0,1
7.160866562,1,1,1,1,1,0,1,1,1,1,1,0,1,1
7.160866688,1,1,1,1,1,0,1,1,1,0,1,0,1,1
7.160866875,1,1,1,1,1,0,1,1,1,0,1,1,1,1
7.160882437,0,1,1,1,1,0,1,1,1,0,1,1,1,1
7.160883250,0,0,1,1,1,0,1,1,1,0,1,1,1,1
7.160885688,0,0,1,1,0,0,1,1,1,0,1,1,1,1
7.160900500,0,0,1,1,0,0,1,1,1,0,1,1,0,1
7.160900563,0,0,1,1,0,0,1,1,1,0,1,0,0,1
7.160901250,0,0,1,1,0,0,1,1,1,1,1,0,0,1
7.160910562,0,0,1,1,0,0,1,1,1,1,1,0,1,1
7.160910750,0,0,1,1,0,0,1,1,1,0,1,0,1,1
7.160910937,0,0,1,1,0,0,1,1,1,0,1,1,1,1
7.160926625,1,0,1,1,0,0,1,1,1,0,1,1,1,1
7.160927563,1,1,1,1,0,0,1,1,1,0,1,1,1,1
7.160944687,1,1,1,1,0,0,1,1,1,0,1,1,0,1
7.160944813,1,1,1,1,0,0,1,1,1,0,1,0,0,1
7.160945437,1,1,1,1,0,0,1,1,1,1,1,0,0,1
7.160954562,1,1,1,1,0,0,1,1,1,1,1,0,1,1
7.160954750,1,1,1,1,0,0,1,1,1,0,1,0,1,1
7.160954937,1,1,1,1,0,0,1,1,1,0,1,1,1,1
7.160988438,1,1,1,1,0,0,1,1,1,0,1,1,0,1
7.160988563,1,1,1,1,0,0,1,1,1,0,1,0,0,1
7.160989250,1,1,1,1,0,0,1,1,1,1,1,0,0,1
7.160998562,1,1,1,1,0,0,1,1,1,1,1,0,1,1
7.160998750,1,1,1,1,0,0,1,1,1,0,1,0,1,1
7.160998937,1,1,1,1,0,0,1,1,1,0,1,1,1,1
7.161015375,1,0,1,1,0,0,1,1,1,0,1,1,1,1
7.161032375,1,0,1,1,0,0,1,1,1,0,1,1,0,1
7.161032500,1,0,1,1,0,0,1,1,1,0,1,0,0,1
7.161033250,1,0,1,1,0,0,1,1,1,1,1,0,0,1
7.161042500,1,0,1,1,0,0,1,1,1,1,1,0,1,1
7.161042688,1,0,1,1,0,0,1,1,1,0,1,0,1,1
7.161042875,1,0,1,1,0,0,1,1,1,0,1,1,1,1
7.161058438,0,0,1,1,0,0,1,1,1,0,1,1,1,1
7.161077500,0,0,1,1,0,0,1,1,1,0,1,1,0,1
7.161077563,0,0,1,1,0,0,1,1,1,0,1,0,0,1
7.161078250,0,0,1,1,0,0,1,1,1,1,1,0,0,1
7.161087625,0,0,1,1,0,0,1,1,1,1,1,0,1,1
7.161087750,0,0,1,1,0,0,1,1,1,0,1,0,1,1
7.161087937,0,0,1,1,0,0,1,1,1,0,1,1,1,1
7.161105500,0,0,0,1,0,0,1,1,1,0,1,1,1,1
7.161121375,0,0,0,1,0,0,1,1,1,0,1,1,0,1
7.161121500,0,0,0,1,0,0,1,1,1,0,1,0,0,1
7.161122250,0,0,0,1,0,0,1,1,1,1,1,0,0,1
7.161131625,0,0,0,1,0,0,1,1,1,1,1,0,1,1
7.161131812,0,0,0,1,0,0,1,1,1,0,1,0,1,1
7.161131938,0,0,0,1,0,0,1,1,1,0,1,1,1,1
7.161148563,0,1,0,1,0,0,1,1,1,0,1,1,1,1
7.161149875,0,1,0,0,0,0,1,1,1,0,1,1,1,1
7.161150875,0,1,0,0,1,0,1,1,1,0,1,1,1,1
7.161165500,0,1,0,0,1,0,1,1,1,0,1,1,0,1
7.161165562,0,1,0,0,1,0,1,1,1,0,1,0,0,1
7.161166250,0,1,0,0,1,0,1,1,1,1,1,0,0,1
7.161175563,0,1,0,0,1,0,1,1,1,1,1,0,1,1
7.161175688,0,1,0,0,1,0,1,1,1,0,1,0,1,1
7.161175875,0,1,0,0,1,0,1,1,1,0,1,1,1,1
7.161192375,1,1,0,0,1,0,1,1,1,0,1,1,1,1
7.161194000,1,1,1,0,1,0,1,1,1,0,1,1,1,1
7.161194875,1,1,1,1,1,0,1,1,1,0,1,1,1,1
7.161195437,1,1,1,1,0,0,1,1,1,0,1,1,1,1
7.161210500,1,1,1,1,0,0,1,1,1,0,1,1,0,1
7.161210625,1,1,1,1,0,0,1,1,1,0,1,0,0,1
7.161211250,1,1,1,1,0,0,1,1,1,1,1,0,0,1
7.161220562,1,1,1,1,0,0,1,1,1,1,1,0,1,1
7.161220750,1,1,1,1,0,0,1,1,1,0,1,0,1,1
7.161220938,1,1,1,1,0,0,1,1,1,0,1,1,1,1
7.161254500,1,1,1,1,0,0,1,1,1,0,1,1,0,1
7.161254562,1,1,1,1,0,0,1,1,1,0,1,0,0,1
7.161255188,1,1,1,1,0,0,1,1,1,1,1,0,0,1
7.161264625,1,1,1,1,0,0,1,1,1,1,1,0,1,1
7.161264812,1,1,1,1,0,0,1,1,1,0,1,0,1,1
7.161264938,1,1,1,1,0,0,1,1,1,0,1,1,1,1
7.161283938,1,1,1,1,1,0,1,1,1,0,1,1,1,1
7.161284812,1,1,1,1,1,1,1,1,1,0,1,1,1,1
7.161409750,1,1,1,1,1,1,1,1,1,0,1,1,0,1
7.161409812,1,1,1,1,1,1,1,1,1,0,1,0,0,1
7.161410625,1,1,1,1,1,1,1,1,1,1,1,0,0,1
7.161423500,1,1,1,1,1,1,1,1,1,1,1,0,1,1
7.161423687,1,1,1,1,1,1,1,1,1,0,1,0,1,1
7.161423875,1,1,1,1,1,1,1,1,1,0,1,1,1,1
7.161447312,1,0,1,1,1,1,1,1,1,0,1,1,1,1
7.161464562,1,0,1,1,1,1,1,1,1,0,1,1,0,1
7.161464625,1,0,1,1,1,1,1,1,1,0,1,0,0,1
7.161465312,1,0,1,1,1,1,1,1,1,1,1,0,0,1
7.161465375,1,0,1,1,1,1,1,1,1,0,1,0,0,1
7.161465438,1,0,1,1,1,1,1,1,1,1,1,0,0,1
7.161474562,1,0,1,1,1,1,1,1,1,1,1,0,1,1
7.161474750,1,0,1,1,1,1,1,1,1,0,1,0,1,1
7.161474875,1,0,1,1,1,1,1,1,1,0,1,1,1,1
7.161490813,0,0,1,1,1,1,1,1,1,0,1,1,1,1
7.161491875,0,1,1,1,1,1,1,1,1,0,1,1,1,1
7.161493313,0,1,1,0,1,1,1,1,1,0,1,1,1,1
7.161508438,0,1,1,0,1,1,1,1,1,0,1,1,0,1
7.161508562,0,1,1,0,1,1,1,1,1,0,1,0,0,1
7.161509188,0,1,1,0,1,1,1,1,1,1,1,0,0,1
7.161518625,0,1,1,0,1,1,1,1,1,1,1,0,1,1
7.161518812,0,1,1,0,1,1,1,1,1,0,1,0,1,1
7.161519000,0,1,1,0,1,1,1,1,1,0,1,1,1,1
7.161534750,1,1,1,0,1,1,1,1,1,0,1,1,1,1
7.161537250,1,1,1,1,1,1,1,1,1,0,1,1,1,1
7.161552500,1,1,1,1,1,1,1,1,1,0,1,1,0,1
7.161552562,1,1,1,1,1,1,1,1,1,0,1,0,0,1
7.161553188,1,1,1,1,1,1,1,1,1,1,1,0,0,1
7.161562688,1,1,1,1,1,1,1,1,1,1,1,0,1,1
7.161562875,1,1,1,1,1,1,1,1,1,0,1,0,1,1
7.161563000,1,1,1,1,1,1,1,1,1,0,1,1,1,1
7.161579687,1,0,1,1,1,1,1,1,1,0,1,1,1,1
7.161596438,1,0,1,1,1,1,1,1,1,0,1,1,0,1
7.161596562,1,0,1,1,1,1,1,1,1,0,1,0,0,1
7.161597187,1,0,1,1,1,1,1,1,1,1,1,0,0,1
7.161606563,1,0,1,1,1,1,1,1,1,1,1,0,1,1
7.161606750,1,0,1,1,1,1,1,1,1,0,1,0,1,1
7.161606875,1,0,1,1,1,1,1,1,1,0,1,1,1,1
7.161623625,1,1,1,1,1,1,1,1,1,0,1,1,1,1
7.161629063,1,1,1,1,1,1,1,1,1,0,1,1,1,0
7.161640438,1,1,1,1,1,1,1,1,1,0,1,1,0,0
7.161640562,1,1,1,1,1,1,1,1,1,0,1,0,0,0
7.161641188,1,1,1,1,1,1,1,1,1,1,1,0,0,0
7.161650625,1,1,1,1,1,1,1,1,1,1,1,0,1,0
7.161650750,1,1,1,1,1,1,1,1,1,0,1,0,1,0
7.161650938,1,1,1,1,1,1,1,1,1,0,1,1,1,0
7.161651062,1,1,1,1,1,1,1,1,1,0,1,1,1,1
7.162021812,1,1,1,1,1,1,1,1,1,0,0,1,1,1
7.162022000,1,1,1,1,1,1,1,1,1,1,0,1,1,1
7.162024250,0,1,0,1,1,1,0,1,1,1,0,1,1,1
7.162024312,0,1,0,1,1,1,0,1,1,0,0,1,1,1
7.162049563,0,1,0,0,1,1,0,1,1,0,0,1,1,1
7.162049625,0,0,0,0,0,1,0,1,1,0,0,1,1,1
7.162052437,0,0,0,0,0,1,0,1,1,0,0,1,0,1
7.162055937,0,0,0,0,0,1,0,1,1,0,0,0,0,1
7.162061125,0,0,0,0,0,1,0,1,1,1,0,0,0,1
7.162061312,0,0,0,0,0,1,0,1,1,1,0,0,1,1
7.162063875,0,0,0,0,0,1,0,1,1,0,0,0,1,1
7.162065125,0,0,0,0,0,1,0,1,1,0,0,1,1,1
7.164940500,0,1,0,1,1,0,1,1,1,0,0,1,1,1
7.164943375,0,1,0,1,1,0,1,1,1,0,0,1,0,1
7.164947875,0,1,0,1,1,0,1,1,1,0,0,0,0,1
7.164955437,0,1,0,1,1,0,1,1,1,1,0,0,0,1
7.164955563,0,1,0,1,1,0,1,1,1,1,0,0,1,1
7.164959125,0,1,0,1,1,0,1,1,1,0,0,0,1,1
7.164960687,0,1,0,1,1,0,1,1,1,0,0,1,1,1
7.166112000,0,1,0,1,1,0,1,1,1,0,1,1,1,1
7.166141875,1,1,0,1,1,1,1,1,1,0,1,1,1,1
7.166145063,1,1,0,1,1,1,1,1,1,0,1,1,0,1
7.166148312,1,1,0,1,1,1,1,1,1,0,1,0,0,1
7.166152688,1,1,0,1,1,1,1,1,1,1,1,0,0,1
7.166152813,1,1,0,1,1,1,1,1,1,1,1,0,1,1
7.166153500,1,1,1,1,1,1,1,1,1,1,1,0,1,1
7.166155500,1,1,1,1,1,1,1,1,1,0,1,0,1,1
7.166156563,1,1,1,1,1,1,1,1,1,0,1,1,1,1
7.166156750,1,1,1,1,1,1,1,1,1,0,1,1,0,1
7.166162750,1,1,1,1,1,1,1,1,1,0,1,0,0,1
7.166166188,1,1,1,1,1,1,1,1,1,1,1,0,0,1
7.166166312,1,1,1,1,1,1,1,1,1,1,1,0,1,1
7.166169188,1,1,1,1,1,1,1,1,1,0,1,0,1,1
7.166170187,1,1,1,1,1,1,1,1,1,0,1,1,1,1
7.166170375,1,1,1,1,1,1,1,1,1,0,1,1,0,1
7.166173438,1,1,1,1,1,1,1,1,1,0,1,0,0,1
7.166176812,1,1,1,1,1,1,1,1,1,1,1,0,0,1
7.166176938,1,1,1,1,1,1,1,1,1,1,1,0,1,1
7.166179750,1,1,1,1,1,1,1,1,1,0,1,0,1,1
7.166180750,1,1,1,1,1,1,1,1,1,0,1,1,1,1
7.166180875,1,1,1,1,1,1,1,1,1,0,1,1,0,1
7.166183812,1,1,1,1,1,1,1,1,1,0,1,0,0,1
7.166188750,1,1,1,1,1,1,1,1,1,1,1,0,0,1
7.166188938,1,1,1,1,1,1,1,1,1,1,1,0,1,1
7.166191750,1,1,1,1,1,1,1,1,1,0,1,0,1,1
7.166192937,1,1,1,1,1,1,1,1,1,0,1,1,1,1
7.166193125,1,1,1,1,1,1,1,1,1,0,1,1,0,1
7.166196063,1,1,1,1,1,1,1,1,1,0,1,0,0,1
7.166199563,1,1,1,1,1,1,1,1,1,1,1,0,0,1
7.166199687,1,1,1,1,1,1,1,1,1,1,1,0,1,1
7.166202562,1,1,1,1,1,1,1,1,1,0,1,0,1,1
7.166203562,1,1,1,1,1,1,1,1,1,0,1,1,1,1
7.166203750,1,1,1,1,1,1,1,1,1,0,1,1,0,1
7.166206625,1,1,1,1,1,1,1,1,1,0,1,0,0,1
7.166210125,1,1,1,1,1,1,1,1,1,1,1,0,0,1
7.166210250,1,1,1,1,1,1,1,1,1,1,1,0,1,1
7.166213062,1,1,1,1,1,1,1,1,1,0,1,0,1,1
7.166214125,1,1,1,1,1,1,1,1,1,0,1,1,1,1
7.166214313,1,1,1,1,1,1,1,1,1,0,1,1,0,1
7.166217125,1,1,1,1,1,1,1,1,1,0,1,0,0,1
7.166220625,1,1,1,1,1,1,1,1,1,1,1,0,0,1
7.166220812,1,1,1,1,1,1,1,1,1,1,1,0,1,1
7.166223625,1,1,1,1,1,1,1,1,1,0,1,0,1,1
7.166224687,1,1,1,1,1,1,1,1,1,0,1,1,1,1
7.166224813,1,1,1,1,1,1,1,1,1,0,1,1,0,1
7.166227688,1,1,1,1,1,1,1,1,1,0,1,0,0,1
7.166231188,1,1,1,1,1,1,1,1,1,1,1,0,0,1
7.166231312,1,1,1,1,1,1,1,1,1,1,1,0,1,1
7.166231875,1,0,1,1,1,1,1,1,1,1,1,0,1,1
7.166234125,1,0,1,1,1,1,1,1,1,0,1,0,1,1
7.166235187,1,0,1,1,1,1,1,1,1,0,1,1,1,1
7.166235375,1,0,1,1,1,1,1,1,1,0,1,1,0,1
7.166238250,1,0,1,1,1,1,1,1,1,0,1,0,0,1
7.166241687,1,0,1,1,1,1,1,1,1,1,1,0,0,1
7.166241875,1,0,1,1,1,1,1,1,1,1,1,0,1,1
7.166244687,1,0,1,1,1,1,1,1,1,0,1,0,1,1
7.166245750,1,0,1,1,1,1,1,1,1,0,1,1,1,1
7.167481625,1,1,1,1,1,1,1,1,1,0,1,1,1,0
7.167484500,1,1,1,1,1,1,1,1,1,0,1,1,0,0
7.167489375,1,1,1,1,1,1,1,1,1,0,1,0,0,0
7.167495000,1,1,1,1,1,1,1,1,1,1,1,0,0,0
7.167495188,1,1,1,1,1,1,1,1,1,1,1,0,1,0
7.167497500,1,1,1,1,1,1,1,1,1,1,0,0,1,0
7.167497563,1,1,1,1,1,1,1,1,1,1,0,0,1,1
7.167498125,1,1,1,1,1,1,1,1,1,0,0,0,1,1
7.167499313,1,1,1,1,1,1,1,1,1,0,0,1,1,1
7.167520750,0,0,0,0,0,0,1,1,1,0,0,1,1,1
7.167523500,0,0,0,0,0,0,1,1,1,0,0,1,0,1
7.167526750,0,0,0,0,0,0,1,1,1,0,0,0,0,1
7.167530250,0,0,0,0,0,0,1,1,1,1,0,0,0,1
7.167530375,0,0,0,0,0,0,1,1,1,1,0,0,1,1
7.167532813,0,0,0,0,0,0,1,1,1,0,0,0,1,1
7.167533813,0,0,0,0,0,0,1,1,1,0,0,1,1,1
7.168237187,0,0,0,0,0,0,1,1,0,0,0,1,1,1
7.168424750,1,1,1,0,0,1,1,1,0,0,0,1,1,1
7.168427625,1,1,1,0,0,1,1,1,0,0,0,1,0,1
7.168431500,1,1,1,0,0,1,1,1,0,0,0,0,0,1
7.168438437,1,1,1,0,0,1,1,1,0,1,0,0,0,1
7.168438625,1,1,1,0,0,1,1,1,0,1,0,0,1,1
7.168441875,1,1,1,0,0,1,1,1,0,0,0,0,1,1
7.168443250,1,1,1,0,0,1,1,1,0,0,0,1,1,1
7.168533750,0,1,0,1,1,1,0,1,0,0,0,1,1,1
7.168536625,0,1,0,1,1,1,0,1,0,0,0,1,0,1
7.168540000,0,1,0,1,1,1,0,1,0,0,0,0,0,1
7.168543500,0,1,0,1,1,1,0,1,0,1,0,0,0,1
7.168543687,0,1,0,1,1,1,0,1,0,1,0,0,1,1
7.168546187,0,1,0,1,1,1,0,1,0,0,0,0,1,1
7.168547187,0,1,0,1,1,1,0,1,0,0,0,1,1,1
7.168548312,0,1,0,1,1,1,0,1,1,0,0,1,1,1
7.168552187,0,1,0,1,1,1,0,1,1,0,1,1,1,1
7.168552250,1,1,1,1,1,1,1,1,1,0,1,0,1,1
7.168552313,0,1,1,1,1,1,1,1,1,0,1,0,1,1
7.168552437,0,1,1,1,1,1,1,1,1,0,1,1,1,1
7.168553250,0,0,1,1,1,1,1,1,1,0,1,1,1,1
7.168554250,0,0,0,1,1,1,1,1,1,0,1,1,1,1
7.168555187,0,0,0,0,1,1,1,1,1,0,1,1,1,1
7.168557812,0,0,0,0,1,1,0,1,1,0,1,1,1,1
7.168575250,0,0,0,0,1,1,0,1,1,0,1,1,0,1
7.168575375,0,0,0,0,1,1,0,1,1,0,1,0,0,1
7.168576312,0,0,0,0,1,1,0,1,1,1,1,0,0,1
7.168586688,0,0,0,0,1,1,0,1,1,1,1,0,1,1
7.168586875,0,0,0,0,1,1,0,1,1,0,1,0,1,1
7.168594188,0,0,0,0,1,1,0,1,1,0,0,0,1,1
7.168594312,0,0,0,0,1,1,0,1,1,1,0,1,1,1
7.168596875,0,0,0,1,1,1,0,1,1,1,0,1,1,1
7.168597688,0,1,0,1,1,1,0,1,1,1,0,1,1,1
7.168597750,0,0,0,1,1,1,0,1,1,1,0,1,1,1
7.168598625,0,1,0,1,1,1,0,1,1,1,0,1,1,1
7.168598750,0,0,0,1,1,1,0,1,1,1,0,1,1,1
7.168599187,0,1,0,1,1,1,0,1,1,1,0,1,1,1
7.168599250,0,0,0,1,1,1,0,1,1,1,0,1,1,1
7.168599312,0,1,0,1,1,1,0,1,1,1,0,1,1,1
7.168599500,0,0,0,1,1,1,0,1,1,1,0,1,1,1
7.168599562,0,1,0,1,1,1,0,1,1,1,0,1,1,1
7.168599813,0,0,0,1,1,1,0,1,1,1,0,1,1,1
7.168599937,0,1,0,1,1,1,0,1,1,1,0,1,1,1
7.168600000,0,0,0,1,1,1,0,1,1,1,0,1,1,1
7.168601062,0,1,0,1,1,1,0,1,1,1,0,1,1,1
7.168601125,0,0,0,1,1,1,0,1,1,1,0,1,1,1
7.168601563,0,1,0,1,1,1,0,1,1,1,0,1,1,1
7.168601625,0,0,0,1,1,1,0,1,1,1,0,1,1,1
7.168601750,0,1,0,1,1,1,0,1,1,1,0,1,1,1
7.168601875,0,0,0,1,1,1,0,1,1,1,0,1,1,1
7.168602125,0,1,0,1,1,1,0,1,1,1,0,1,1,1
7.168602188,0,0,0,1,1,1,0,1,1,1,0,1,1,1
7.168602500,0,1,0,1,1,1,0,1,1,1,0,1,1,1
7.168602563,0,0,0,1,1,1,0,1,1,1,0,1,1,1
7.168603062,0,1,0,1,1,1,0,1,1,1,0,1,1,1
7.168603187,0,0,0,1,1,1,0,1,1,1,0,1,1,1
7.168603437,0,0,0,0,1,1,0,1,1,1,0,1,1,1
7.168603500,0,1,0,1,1,1,0,1,1,1,0,1,1,1
7.168603688,0,0,0,1,1,1,0,1,1,1,0,1,1,1
7.168604562,0,0,0,0,1,1,0,1,1,1,0,1,1,1
7.168604625,0,0,0,1,1,1,0,1,1,1,0,1,1,1
7.168606000,0,1,0,1,1,1,0,1,1,1,0,1,1,1
7.168606188,0,0,0,1,1,1,0,1,1,1,0,1,1,1
7.168607062,0,1,0,1,1,1,0,1,1,1,0,1,1,1
7.168607125,0,0,0,1,1,1,0,1,1,1,0,1,1,1
7.168607188,0,1,0,1,1,1,0,1,1,1,0,1,1,1
7.168607250,0,0,0,1,1,1,0,1,1,1,0,1,1,1
7.168607312,0,1,0,1,1,1,0,1,1,1,0,1,1,1
7.168607375,0,0,0,1,1,1,0,1,1,1,0,1,1,1
7.168607500,0,1,0,1,1,1,0,1,1,1,0,1,1,1
7.168607563,0,0,0,1,1,1,0,1,1,1,0,1,1,1
7.168607625,0,1,0,1,1,1,0,1,1,1,0,1,1,1
7.168607687,0,0,0,1,1,1,0,1,1,1,0,1,1,1
7.168607813,0,1,0,1,1,1,0,1,1,1,0,1,1,1
7.168608000,0,0,0,1,1,1,0,1,1,1,0,1,1,1
7.168608062,0,1,0,1,1,1,0,1,1,1,0,1,1,1
7.168608125,0,0,0,1,1,1,0,1,1,1,0,1,1,1
7.168608250,0,1,0,1,1,1,0,1,1,1,0,1,1,1
7.168608312,0,0,0,1,1,1,0,1,1,1,0,1,1,1
7.168608563,0,1,0,1,1,1,0,1,1,1,0,1,1,1
7.168608625,0,0,0,1,1,1,0,1,1,1,0,1,1,1
7.168608750,0,1,0,1,1,1,0,1,1,1,0,1,1,1
7.168608812,0,0,0,1,1,1,0,1,1,1,0,1,1,1
7.168609062,0,1,0,1,1,1,0,1,1,1,0,1,1,1
7.168609125,0,0,0,1,1,1,0,1,1,1,0,1,1,1
7.168609313,0,1,0,1,1,1,0,1,1,1,0,1,1,1
7.168609375,0,0,0,1,1,1,0,1,1,1,0,1,1,1
7.168609875,0,1,0,1,1,1,0,1,1,1,0,1,1,1
7.168610000,0,0,0,1,1,1,0,1,1,1,0,1,1,1
7.168610062,0,1,0,1,1,1,0,1,1,1,0,1,1,1
7.168610187,0,0,0,1,1,1,0,1,1,1,0,1,1,1
7.168610437,0,1,0,1,1,1,0,1,1,1,0,1,1,1
7.168610562,0,0,0,1,1,1,0,1,1,1,0,1,1,1
7.168610625,0,1,0,1,1,1,0,1,1,1,0,1,1,1
7.168610688,0,0,0,1,1,1,0,1,1,1,0,1,1,1
7.168611187,0,1,0,1,1,1,0,1,1,1,0,1,1,1
7.168611500,0,0,0,0,1,1,0,1,1,1,0,1,1,1
7.168611562,0,1,0,1,1,1,0,1,1,1,0,1,1,1
7.168611625,0,0,0,0,1,1,0,1,1,1,0,1,1,1
7.168611688,0,0,0,1,1,1,0,1,1,1,0,1,1,1
7.168611813,0,1,0,1,1,1,0,1,1,1,0,1,1,1
7.168611875,0,0,0,1,1,1,0,1,1,1,0,1,1,1
7.168611937,0,1,0,1,1,1,0,1,1,1,0,1,1,1
7.168612187,0,0,0,1,1,1,0,1,1,1,0,1,1,1
7.168612250,0,0,0,0,1,1,0,1,1,1,0,1,1,1
7.168612312,0,0,0,1,1,1,0,1,1,1,0,1,1,1
7.168612375,0,0,0,0,1,1,0,1,1,1,0,1,1,1
7.168612438,0,1,0,1,1,1,0,1,1,1,0,1,1,1
7.168612500,0,0,0,1,1,1,0,1,1,1,0,1,1,1
7.168612750,0,1,0,1,1,1,0,1,1,1,0,1,1,1
7.168612813,0,0,0,1,1,1,0,1,1,1,0,1,1,1
7.168612875,0,1,0,1,1,1,0,1,1,1,0,1,1,1
7.168613000,0,0,0,1,1,1,0,1,1,1,0,1,1,1
7.168613063,0,1,0,1,1,1,0,1,1,1,0,1,1,1
7.168613125,0,0,0,1,1,1,0,1,1,1,0,1,1,1
7.168613312,0,0,0,0,1,1,0,1,1,1,0,1,1,1
7.168613375,0,1,0,1,1,1,0,1,1,1,0,1,1,1
7.168613438,0,0,0,1,1,1,0,1,1,1,0,1,1,1
7.168613500,0,1,0,1,1,1,0,1,1,1,0,1,1,1
7.168613563,0,0,0,1,1,1,0,1,1,1,0,1,1,1
7.168613625,0,1,0,1,1,1,0,1,1,1,0,1,1,1
7.168613875,0,0,0,1,1,1,0,1,1,1,0,1,1,1
7.168614312,0,1,0,1,1,1,0,1,1,1,0,1,1,1
7.168614500,0,0,0,1,1,1,0,1,1,1,0,1,1,1
7.168614563,0,1,0,1,1,1,0,1,1,1,0,1,1,1
7.168614625,0,0,0,1,1,1,0,1,1,1,0,1,1,1
7.168614687,0,1,0,1,1,1,0,1,1,1,0,1,1,1
7.168614813,0,0,0,1,1,1,0,1,1,1,0,1,1,1
7.168614875,0,0,0,0,1,1,0,1,1,1,0,1,1,1
7.168614938,0,0,0,1,1,1,0,1,1,1,0,1,1,1
7.168615000,0,1,0,1,1,1,0,1,1,1,0,1,1,1
7.168615125,0,0,0,1,1,1,0,1,1,1,0,1,1,1
7.168615188,0,1,0,1,1,1,0,1,1,1,0,1,1,1
7.168615375,0,0,0,1,1,1,0,1,1,1,0,1,1,1
7.168615500,0,1,0,1,1,1,0,1,1,1,0,1,1,1
7.168615563,0,0,0,1,1,1,0,1,1,1,0,1,1,1
7.168615625,0,1,0,1,1,1,0,1,1,1,0,1,1,1
7.168615687,0,0,0,1,1,1,0,1,1,1,0,1,1,1
7.168615812,0,0,0,0,1,1,0,1,1,1,0,1,1,1
7.168615875,0,0,0,1,1,1,0,1,1,1,0,1,1,1
7.168615938,0,0,0,0,1,1,0,1,1,1,0,1,1,1
7.168616000,0,0,0,1,1,1,0,1,1,1,0,1,1,1
7.168616313,0,1,0,1,1,1,0,1,1,1,0,1,1,1
7.168616375,0,0,0,1,1,1,0,1,1,1,0,1,1,1
7.168616437,0,1,0,1,1,1,0,1,1,1,0,1,1,1
7.168616500,0,0,0,1,1,1,0,1,1,1,0,1,1,1
7.168616562,0,1,0,1,1,1,0,1,1,1,0,1,1,1
7.168616688,0,0,0,1,1,1,0,1,1,1,0,1,1,1
7.168616875,0,1,0,1,1,1,0,1,1,1,0,1,1,1
7.168616937,0,0,0,1,1,1,0,1,1,1,0,1,1,1
7.168617063,0,1,0,1,1,1,0,1,1,1,0,1,1,1
7.168617187,0,0,0,1,1,1,0,1,1,1,0,1,1,1
7.168617313,0,0,0,0,1,1,0,1,1,1,0,1,1,1
7.168617375,0,0,0,1,1,1,0,1,1,1,0,1,1,1
7.168617500,0,1,0,1,1,1,0,1,1,1,0,1,1,1
7.168617562,0,0,0,1,1,1,0,1,1,1,0,1,1,1
7.168617625,0,1,0,1,1,1,0,1,1,1,0,1,1,1
7.168617750,0,0,0,1,1,1,0,1,1,1,0,1,1,1
7.168617937,0,1,0,1,1,1,0,1,1,1,0,1,1,1
7.168618000,0,0,0,1,1,1,0,1,1,1,0,1,1,1
7.168618125,0,1,0,1,1,1,0,1,1,1,0,1,1,1
7.168618187,0,0,0,1,1,1,0,1,1,1,0,1,1,1
7.168618562,0,0,0,0,1,1,0,1,1,1,0,1,1,1
7.168618625,0,0,0,1,1,1,0,1,1,1,0,1,1,1
7.168618688,0,0,0,0,1,1,0,1,1,1,0,1,1,1
7.168618750,0,0,0,1,1,1,0,1,1,1,0,1,1,1
7.168618813,0,0,0,0,1,1,0,1,1,1,0,1,1,1
7.168618875,0,0,0,1,1,1,0,1,1,1,0,1,1,1
7.168619000,0,1,0,1,1,1,0,1,1,1,0,1,1,1
7.168619125,0,0,0,1,1,1,0,1,1,1,0,1,1,1
7.168619312,0,1,0,1,1,1,0,1,1,1,0,1,1,1
7.168619500,0,0,0,0,1,1,0,1,1,1,0,1,1,1
7.168619562,0,1,0,1,1,1,0,1,1,1,0,1,1,1
7.168619625,0,0,0,1,1,1,0,1,1,1,0,1,1,1
7.168619687,0,1,0,1,1,1,0,1,1,1,0,1,1,1
7.168619813,0,0,0,1,1,1,0,1,1,1,0,1,1,1
7.168619875,0,1,0,1,1,1,0,1,1,1,0,1,1,1
7.168619937,0,0,0,1,1,1,0,1,1,1,0,1,1,1
7.168620000,0,1,0,1,1,1,0,1,1,1,0,1,1,1
7.168620188,0,0,0,1,1,1,0,1,1,1,0,1,1,1
7.168620563,0,1,0,1,1,1,0,1,1,1,0,1,1,1
7.168620625,0,0,0,1,1,1,0,1,1,1,0,1,1,1
7.168620813,0,1,0,1,1,1,0,1,1,1,0,1,1,1
7.168620875,0,0,0,1,1,1,0,1,1,1,0,1,1,1
7.168621000,0,1,0,1,1,1,0,1,1,1,0,1,1,1
7.168621062,0,0,0,1,1,1,0,1,1,1,0,1,1,1
7.168621313,0,1,0,1,1,1,0,1,1,1,0,1,1,1
7.168621375,0,0,0,1,1,1,0,1,1,1,0,1,1,1
7.168621437,0,1,0,1,1,1,0,1,1,1,0,1,1,1
7.168621500,0,0,0,1,1,1,0,1,1,1,0,1,1,1
7.168621563,0,1,0,1,1,1,0,1,1,1,0,1,1,1
7.168621625,0,0,0,1,1,1,0,1,1,1,0,1,1,1
7.168622062,0,1,0,1,1,1,0,1,1,1,0,1,1,1
7.168622125,0,0,0,1,1,1,0,1,1,1,0,1,1,1
7.168622187,0,1,0,1,1,1,0,1,1,1,0,1,1,1
7.168622250,0,0,0,1,1,1,0,1,1,1,0,1,1,1
7.168622313,0,1,0,1,1,1,0,1,1,1,0,1,1,1
7.168622375,0,0,0,1,1,1,0,1,1,1,0,1,1,1
7.168622500,0,1,0,1,1,1,0,1,1,1,0,1,1,1
7.168622563,0,0,0,1,1,1,0,1,1,1,0,1,1,1
7.168622625,0,1,0,1,1,1,0,1,1,1,0,1,1,1
7.168622688,0,0,0,1,1,1,0,1,1,1,0,1,1,1
7.168622750,0,1,0,1,1,1,0,1,1,1,0,1,1,1
7.168622812,0,0,0,1,1,1,0,1,1,1,0,1,1,1
7.168622875,0,1,0,1,1,1,0,1,1,1,0,1,1,1
7.168622938,0,0,0,1,1,1,0,1,1,1,0,1,1,1
7.168623250,0,1,0,1,1,1,0,1,1,1,0,1,1,1
7.168623313,0,0,0,1,1,1,0,1,1,1,0,1,1,1
7.168623937,0,1,0,1,1,1,0,1,1,1,0,1,1,1
7.168624000,0,0,0,1,1,1,0,1,1,1,0,1,1,1
7.168625813,0,1,0,1,1,1,0,1,1,1,0,1,1,1
7.168625937,0,0,0,1,1,1,0,1,1,1,0,1,1,1
7.168626687,0,1,0,1,1,1,0,1,1,1,0,1,1,1
7.168626750,0,0,0,1,1,1,0,1,1,1,0,1,1,1
7.168627625,0,1,0,1,1,1,0,1,1,1,0,1,1,1
7.168627687,0,0,0,1,1,1,0,1,1,1,0,1,1,1
7.168627875,0,1,0,1,1,1,0,1,1,1,0,1,1,1
7.168627938,0,0,0,1,1,1,0,1,1,1,0,1,1,1
7.168628563,0,1,0,1,1,1,0,1,1,1,0,1,1,1
7.168628625,0,0,0,1,1,1,0,1,1,1,0,1,1,1
7.168628812,0,1,0,1,1,1,0,1,1,1,0,1,1,1
7.168628875,0,0,0,1,1,1,0,1,1,1,0,1,1,1
7.168632875,0,1,0,1,1,1,0,1,1,1,0,1,1,1
7.168632937,0,0,0,1,1,1,0,1,1,1,0,1,1,1
7.168635125,0,1,0,1,1,1,0,1,1,1,0,1,1,1
7.168635187,0,0,0,1,1,1,0,1,1,1,0,1,1,1
7.168637375,0,1,0,1,1,1,0,1,1,1,0,1,1,1
7.168637438,0,0,0,1,1,1,0,1,1,1,0,1,1,1
7.168637500,0,1,0,1,1,1,0,1,1,1,0,1,1,1
7.168637562,0,0,0,0,1,1,0,1,1,1,0,1,1,1
7.168637625,0,1,0,1,1,1,0,1,1,1,0,1,1,1
7.168637688,0,0,0,1,1,1,0,1,1,1,0,1,1,1
7.168637750,0,1,0,1,1,1,0,1,1,1,0,1,1,1
7.168637813,0,0,0,1,1,1,0,1,1,1,0,1,1,1
7.168637937,0,1,0,1,1,1,0,1,1,1,0,1,1,1
7.168638000,0,0,0,1,1,1,0,1,1,1,0,1,1,1
7.168638063,0,1,0,1,1,1,0,1,1,1,0,1,1,1
7.168638125,0,0,0,1,1,1,0,1,1,1,0,1,1,1
7.168638375,0,1,0,1,1,1,0,1,1,1,0,1,1,1
7.168638438,0,0,0,1,1,1,0,1,1,1,0,1,1,1
7.168639500,0,1,0,1,1,1,0,1,1,1,0,1,1,1
7.168639563,0,0,0,1,1,1,0,1,1,1,0,1,1,1
7.168639625,0,1,0,1,1,1,0,1,1,1,0,1,1,1
7.168639750,0,0,0,1,1,1,0,1,1,1,0,1,1,1
7.168640062,0,1,0,1,1,1,0,1,1,1,0,1,1,1
7.168640125,0,0,0,1,1,1,0,1,1,1,0,1,1,1
7.168640188,0,1,0,1,1,1,0,1,1,1,0,1,1,1
7.168640250,0,0,0,1,1,1,0,1,1,1,0,1,1,1
7.168640563,0,1,0,1,1,1,0,1,1,1,0,1,1,1
7.168640625,0,0,0,1,1,1,0,1,1,1,0,1,1,1
7.168641313,0,1,0,1,1,1,0,1,1,1,0,1,1,1
7.168641375,0,0,0,1,1,1,0,1,1,1,0,1,1,1
7.168641812,0,1,0,1,1,1,0,1,1,1,0,1,1,1
7.168641875,0,0,0,1,1,1,0,1,1,1,0,1,1,1
7.168642063,0,1,0,1,1,1,0,1,1,1,0,1,1,1
7.168642187,0,0,0,1,1,1,0,1,1,1,0,1,1,1
7.168642250,0,1,0,1,1,1,0,1,1,1,0,1,1,1
7.168642313,0,0,0,1,1,1,0,1,1,1,0,1,1,1
7.168642562,0,0,0,0,1,1,0,1,1,1,0,1,1,1
7.168642625,0,0,0,1,1,1,0,1,1,1,0,1,1,1
7.168642750,0,1,0,1,1,1,0,1,1,1,0,1,1,1
7.168642812,0,0,0,0,1,1,0,1,1,1,0,1,1,1
7.168642875,0,0,0,1,1,1,0,1,1,1,0,1,1,1
7.168643000,0,0,0,0,1,1,0,1,1,1,0,1,1,1
7.168643063,0,0,0,1,1,1,0,1,1,1,0,1,1,1
7.168643500,0,0,0,0,1,1,0,1,1,1,0,1,1,1
7.168643562,0,0,0,1,1,1,0,1,1,1,0,1,1,1
7.168643625,0,0,0,0,1,1,0,1,1,1,0,1,1,1
7.168643688,0,0,0,1,1,1,0,1,1,1,0,1,1,1
7.168643750,0,0,1,0,0,1,0,1,1,1,0,1,1,1
7.168643813,0,0,0,0,0,1,0,1,1,1,0,1,1,1
7.168653188,0,0,1,0,0,1,0,1,1,1,0,1,1,1
7.168653250,0,0,0,0,0,1,0,1,1,1,0,1,1,1
7.168744625,0,0,1,0,0,1,0,1,1,1,0,1,1,1
7.168744688,0,0,0,0,0,1,0,1,1,1,0,1,1,1
7.168781250,0,0,0,0,0,1,0,1,1,0,0,1,1,1
7.168781313,0,0,1,0,0,1,0,1,1,0,0,1,0,1
7.168781375,0,0,0,0,0,1,0,1,1,0,0,1,0,1
7.168785000,0,0,1,0,0,1,0,1,1,0,0,1,0,1
7.168785125,0,0,0,0,0,1,0,1,1,0,0,1,0,1
7.168785687,0,1,1,0,0,1,0,1,1,0,0,1,0,1
7.168785813,0,1,0,0,0,1,0,1,1,0,0,1,0,1
7.168786500,0,1,1,0,0,1,1,1,1,0,0,1,0,1
7.168786563,0,1,1,0,0,1,0,1,1,0,0,1,0,1
7.168787750,0,1,1,0,0,1,1,1,1,0,0,1,0,1
7.168787812,0,1,1,0,0,1,0,1,1,0,0,1,0,1
7.168788562,0,1,1,0,0,1,1,1,1,0,0,1,0,1
7.168788625,0,1,1,0,0,1,0,1,1,0,0,1,0,1
7.168789875,0,1,1,0,0,1,1,1,1,0,0,1,0,1
7.806718250,0,1,1,0,0,1,1,1,1,0,0,1,1,1
7.806718313,1,1,1,1,1,1,1,1,1,0,0,1,1,1
7.806718437,1,1,1,1,1,1,1,1,1,0,1,1,1,1
7.806725125,1,1,1,1,1,1,1,1,1,0,0,1,1,1
7.806725250,0,1,1,0,0,1,1,1,1,0,0,1,1,1
7.806726000,0,1,1,0,0,1,1,1,1,1,0,1,1,1
7.806730313,0,1,1,0,0,1,1,1,1,0,0,1,1,1
7.806857125,1,1,1,1,0,1,1,1,1,0,0,1,1,1
7.806857188,1,1,0,1,0,1,1,1,1,0,0,1,1,1
7.806860000,1,1,0,1,0,1,1,1,1,0,0,1,0,1
7.806864437,1,1,0,1,0,1,1,1,1,0,0,0,0,1
7.806870250,1,1,0,1,0,1,1,1,1,1,0,0,0,1
7.806870375,1,1,0,1,0,1,1,1,1,1,0,0,1,1
7.806872875,1,1,0,1,0,1,1,1,1,0,0,0,1,1
7.806874250,1,1,0,1,0,1,1,1,1,0,0,1,1,1
8.336721562,1,1,0,1,1,1,1,1,1,0,0,1,1,1
8.336721625,1,0,0,1,1,0,1,1,1,0,0,1,1,1
8.336724437,1,0,0,1,1,0,1,1,1,0,0,1,0,1
8.336731688,1,0,0,1,1,0,1,1,1,0,0,0,0,1
8.336740437,1,0,0,1,1,0,1,1,1,1,0,0,0,1
8.336740562,1,0,0,1,1,0,1,1,1,1,0,0,1,1
8.336744188,1,0,0,1,1,0,1,1,1,0,0,0,1,1
8.336745875,1,0,0,1,1,0,1,1,1,0,0,1,1,1
8.337896500,1,0,0,1,1,0,1,1,1,0,1,1,1,1
8.337902187,1,0,0,1,1,0,1,1,1,1,1,1,1,1
8.337926812,0,1,1,1,1,1,1,1,1,1,1,1,1,1
8.337930750,1,1,1,1,1,1,1,1,1,1,1,1,1,1
8.337956000,1,1,0,1,0,0,1,1,1,1,1,1,1,1
8.337960188,1,1,1,1,1,1,1,1,1,1,1,1,1,1
8.340737750,1,1,1,1,1,1,1,1,1,1,0,1,1,1
8.340744063,1,1,1,1,1,1,1,1,1,0,0,1,1,1
8.340870188,1,1,0,1,0,1,1,1,1,0,0,1,1,1
8.340873063,1,1,0,1,0,1,1,1,1,0,0,1,0,1
8.340877562,1,1,0,1,0,1,1,1,1,0,0,0,0,1
8.340882875,1,1,0,1,0,1,1,1,1,1,0,0,0,1
8.340883062,1,1,0,1,0,1,1,1,1,1,0,0,1,1
8.340886125,1,1,0,1,0,1,1,1,1,0,0,0,1,1
8.340887437,1,1,0,1,0,1,1,1,1,0,0,1,1,1
10.952012812,1,1,1,1,1,1,1,1,1,0,0,1,1,1
10.952012937,1,1,1,1,1,1,1,1,1,0,1,1,1,1
10.952019625,1,1,1,1,1,1,1,1,1,0,0,1,1,1
10.952019750,1,1,0,1,0,1,1,1,1,0,0,1,1,1
10.952020125,1,1,0,1,0,1,1,1,1,1,0,1,1,1
10.952023875,1,1,0,1,0,1,1,1,1,0,0,1,1,1
10.952151250,1,1,1,1,0,1,1,1,1,0,0,1,1,1
10.952151312,1,1,0,1,0,1,1,1,1,0,0,1,1,1
10.952154125,1,1,0,1,0,1,1,1,1,0,0,1,0,1
10.952157938,1,1,0,1,0,1,1,1,1,0,0,0,0,1
10.952163875,1,1,0,1,0,1,1,1,1,1,0,0,0,1
10.952163937,1,1,0,1,0,1,1,1,1,1,0,0,1,1
10.952166812,1,1,0,1,0,1,1,1,1,0,0,0,1,1
10.952168187,1,1,0,1,0,1,1,1,1,0,0,1,1,1
11.992059625,0,1,0,1,1,0,1,1,1,0,0,1,1,1
11.992062500,0,1,0,1,1,0,1,1,1,0,0,1,0,1
11.992069250,0,1,0,1,1,0,1,1,1,0,0,0,0,1
11.992078375,0,1,0,1,1,0,1,1,1,1,0,0,0,1
11.992078562,0,1,0,1,1,0,1,1,1,1,0,0,1,1
11.992082125,0,1,0,1,1,0,1,1,1,0,0,0,1,1
11.992084000,0,1,0,1,1,0,1,1,1,0,0,1,1,1
11.993306375,0,1,0,1,1,0,1,1,1,0,1,1,1,1
11.993337000,0,1,1,1,1,1,1,1,1,0,1,1,1,1
11.993340187,0,1,1,1,1,1,1,1,1,0,1,1,0,1
11.993343000,0,1,1,1,1,1,1,1,1,0,1,0,0,1
11.993347438,0,1,1,1,1,1,1,1,1,1,1,0,0,1
11.993347563,0,1,1,1,1,1,1,1,1,1,1,0,1,1
11.993348188,1,1,1,1,1,1,1,1,1,1,1,0,1,1
11.993350438,1,1,1,1,1,1,1,1,1,0,1,0,1,1
11.993351562,1,1,1,1,1,1,1,1,1,0,1,1,1,1
11.993351750,1,1,1,1,1,1,1,1,1,0,1,1,0,1
11.993358000,1,1,1,1,1,1,1,1,1,0,1,0,0,1
11.993361500,1,1,1,1,1,1,1,1,1,1,1,0,0,1
11.993361625,1,1,1,1,1,1,1,1,1,1,1,0,1,1
11.993364563,1,1,1,1,1,1,1,1,1,0,1,0,1,1
11.993365625,1,1,1,1,1,1,1,1,1,0,1,1,1,1
11.993365750,1,1,1,1,1,1,1,1,1,0,1,1,0,1
11.993368812,1,1,1,1,1,1,1,1,1,0,1,0,0,1
11.993372250,1,1,1,1,1,1,1,1,1,1,1,0,0,1
11.993372437,1,1,1,1,1,1,1,1,1,1,1,0,1,1
11.993375312,1,1,1,1,1,1,1,1,1,0,1,0,1,1
11.993378438,1,1,1,1,1,1,1,1,1,0,1,1,1,1
11.993378625,1,1,1,1,1,1,1,1,1,0,1,1,0,1
11.993381687,1,1,1,1,1,1,1,1,1,0,1,0,0,1
11.993385250,1,1,1,1,1,1,1,1,1,1,1,0,0,1
11.993385375,1,1,1,1,1,1,1,1,1,1,1,0,1,1
11.993388188,1,1,1,1,1,1,1,1,1,0,1,0,1,1
11.993389188,1,1,1,1,1,1,1,1,1,0,1,1,1,1
11.993389312,1,1,1,1,1,1,1,1,1,0,1,1,0,1
11.993392250,1,1,1,1,1,1,1,1,1,0,1,0,0,1
11.993395687,1,1,1,1,1,1,1,1,1,1,1,0,0,1
11.993395875,1,1,1,1,1,1,1,1,1,1,1,0,1,1
11.993398625,1,1,1,1,1,1,1,1,1,0,1,0,1,1
11.993399563,1,1,1,1,1,1,1,1,1,0,1,1,1,1
11.993399750,1,1,1,1,1,1,1,1,1,0,1,1,0,1
11.993402687,1,1,1,1,1,1,1,1,1,0,1,0,0,1
11.993406125,1,1,1,1,1,1,1,1,1,1,1,0,0,1
11.993406250,1,1,1,1,1,1,1,1,1,1,1,0,1,1
11.993409062,1,1,1,1,1,1,1,1,1,0,1,0,1,1
11.993410000,1,1,1,1,1,1,1,1,1,0,1,1,1,1
11.993410188,1,1,1,1,1,1,1,1,1,0,1,1,0,1
11.993413125,1,1,1,1,1,1,1,1,1,0,1,0,0,1
11.993416500,1,1,1,1,1,1,1,1,1,1,1,0,0,1
11.993416687,1,1,1,1,1,1,1,1,1,1,1,0,1,1
11.993417437,1,1,0,1,0,0,1,1,1,1,1,0,1,1
11.993419438,1,1,0,1,0,0,1,1,1,0,1,0,1,1
11.993420437,1,1,0,1,0,0,1,1,1,0,1,1,1,1
11.993420625,1,1,0,1,0,0,1,1,1,0,1,1,0,1
11.993423500,1,1,0,1,0,0,1,1,1,0,1,0,0,1
11.993426938,1,1,0,1,0,0,1,1,1,1,1,0,0,1
11.993427063,1,1,0,1,0,0,1,1,1,1,1,0,1,1
11.993427813,1,1,1,1,1,1,1,1,1,1,1,0,1,1
11.993429875,1,1,1,1,1,1,1,1,1,0,1,0,1,1
11.993430812,1,1,1,1,1,1,1,1,1,0,1,1,1,1
11.993431000,1,1,1,1,1,1,1,1,1,0,1,1,0,1
11.993433938,1,1,1,1,1,1,1,1,1,0,1,0,0,1
11.993437312,1,1,1,1,1,1,1,1,1,1,1,0,0,1
11.993437500,1,1,1,1,1,1,1,1,1,1,1,0,1,1
11.993440313,1,1,1,1,1,1,1,1,1,0,1,0,1,1
11.993441250,1,1,1,1,1,1,1,1,1,0,1,1,1,1
11.994516813,1,1,1,1,1,1,1,1,1,0,1,1,1,0
11.994519625,1,1,1,1,1,1,1,1,1,0,1,1,0,0
11.994523063,1,1,1,1,1,1,1,1,1,0,1,0,0,0
11.994528437,1,1,1,1,1,1,1,1,1,1,1,0,0,0
11.994528562,1,1,1,1,1,1,1,1,1,1,1,0,1,0
11.994531563,1,1,1,1,1,1,1,1,1,0,1,0,1,0
11.994532438,1,1,1,1,1,1,1,1,1,0,0,0,1,0
11.994532500,1,1,1,1,1,1,1,1,1,0,0,0,1,1
11.994532750,1,1,1,1,1,1,1,1,1,0,0,1,1,1
11.994555688,0,0,0,0,0,0,1,1,1,0,0,1,1,1
11.994558438,0,0,0,0,0,0,1,1,1,0,0,1,0,1
11.994560937,0,0,0,0,0,0,1,1,1,0,0,0,0,1
11.994564563,0,0,0,0,0,0,1,1,1,1,0,0,0,1
11.994564750,0,0,0,0,0,0,1,1,1,1,0,0,1,1
11.994567125,0,0,0,0,0,0,1,1,1,0,0,0,1,1
11.994568125,0,0,0,0,0,0,1,1,1,0,0,1,1,1
11.996410625,0,1,0,1,1,1,0,1,1,0,0,1,1,1
11.996413437,0,1,0,1,1,1,0,1,1,0,0,1,0,1
11.996432937,0,1,0,1,1,1,0,1,1,0,0,0,0,1
11.996440000,0,1,0,1,1,1,0,1,1,1,0,0,0,1
11.996440125,0,1,0,1,1,1,0,1,1,1,0,0,1,1
11.996443250,0,1,0,1,1,1,0,1,1,0,0,0,1,1
11.996444563,0,1,0,1,1,1,0,1,1,0,0,1,1,1
11.996471812,0,1,0,1,1,1,0,1,1,0,0,1,0,1
11.996472813,0,1,0,1,1,1,0,1,1,1,0,1,0,1
11.996482063,0,1,0,1,1,1,0,1,1,1,0,1,1,1
11.996494812,0,1,0,1,1,1,0,1,1,0,0,1,1,1
11.997248375,0,1,0,1,1,1,0,1,1,0,1,1,1,1
11.997248437,1,1,1,1,1,1,1,1,1,0,1,0,1,1
11.997248562,1,1,1,1,1,1,1,1,1,0,1,1,1,1
15.574016000,1,1,1,1,1,1,1,1,1,0,1,1,1,1
